fill_id,trade_id,order_id,ticker,market_ticker,side,action,count,price,yes_price,no_price,yes_price_fixed,no_price_fixed,is_taker,client_order_id,created_time,ts
2c040320-734e-6584-fe33-885da0d93550,2c040320-734e-6584-fe33-885da0d93550,4d01fadb-ae8e-4b36-9f9f-598ff10041c1,KXBTC15M-26JAN152000-00,KXBTC15M-26JAN152000-00,yes,buy,1,0.16,16,84,0.1600,0.8400,True,,2026-01-16T00:50:50.081188Z,1768524650
f30a4624-d39a-7c89-2416-891902362862,f30a4624-d39a-7c89-2416-891902362862,e89472b0-6351-4dcc-aec4-faee78f49be6,KXBTC15M-26JAN152000-00,KXBTC15M-26JAN152000-00,yes,buy,3,0.38,38,62,0.3800,0.6200,True,,2026-01-16T00:46:06.466394Z,1768524366
87001438-ff6a-7c80-2eea-b54dfc209828,87001438-ff6a-7c80-2eea-b54dfc209828,e89472b0-6351-4dcc-aec4-faee78f49be6,KXBTC15M-26JAN152000-00,KXBTC15M-26JAN152000-00,yes,buy,1,0.38,38,62,0.3800,0.6200,True,,2026-01-16T00:46:06.466394Z,1768524366
6a2cb6fc-ae8d-743b-fe79-0cc15a5d4232,6a2cb6fc-ae8d-743b-fe79-0cc15a5d4232,5332b9b8-7baf-4c2d-916f-60b756fbf64f,KXBTC15M-26JAN151945-45,KXBTC15M-26JAN151945-45,yes,buy,2,0.59,59,41,0.5900,0.4100,True,,2026-01-16T00:31:04.990338Z,1768523464
af0d29d2-647a-6461-f46b-6e645f8c5f77,af0d29d2-647a-6461-f46b-6e645f8c5f77,26fa1cea-01ee-4a8c-97a1-686b6601d207,KXBTC15M-26JAN151930-30,KXBTC15M-26JAN151930-30,yes,buy,1,0.85,85,15,0.8500,0.1500,True,,2026-01-16T00:28:36.089929Z,1768523316
811fa046-2bc3-55de-c08e-f00d57dabd76,811fa046-2bc3-55de-c08e-f00d57dabd76,31c926c2-f0c0-46e2-9c69-4f8eb0f14aa6,KXBTC15M-26JAN151930-30,KXBTC15M-26JAN151930-30,yes,buy,1,0.82,82,18,0.8200,0.1800,True,,2026-01-16T00:28:29.582674Z,1768523309
fa741f39-0427-73fc-732b-30f3868b23df,fa741f39-0427-73fc-732b-30f3868b23df,db66679b-40d0-4dce-b868-f4916f837496,KXBTC15M-26JAN151930-30,KXBTC15M-26JAN151930-30,yes,buy,1,0.78,78,22,0.7800,0.2200,True,,2026-01-16T00:28:22.090514Z,1768523302
2f0d4c13-aa32-6731-7a9b-b6dab3e4a9c1,2f0d4c13-aa32-6731-7a9b-b6dab3e4a9c1,ef5a3802-38b9-494c-ba26-755caef81f58,KXBTC15M-26JAN151930-30,KXBTC15M-26JAN151930-30,yes,buy,1,0.75,75,25,0.7500,0.2500,True,,2026-01-16T00:28:15.651561Z,1768523295
4107d484-8415-6c75-d033-57b7e87e806c,4107d484-8415-6c75-d033-57b7e87e806c,2a66fe5a-981c-4b0e-9c60-8c266385b399,KXBTC15M-26JAN151930-30,KXBTC15M-26JAN151930-30,yes,sell,5,0.65,65,35,0.6500,0.3500,True,,2026-01-16T00:28:09.505704Z,1768523289
91ed320e-b8fd-417f-944c-9b5f24d9e06a,91ed320e-b8fd-417f-944c-9b5f24d9e06a,acfad732-20e0-42b9-8998-b5f400b79bbe,KXBTC15M-26JAN151930-30,KXBTC15M-26JAN151930-30,no,buy,1,0.84,84,16,0.8400,0.1600,True,,2026-01-16T00:20:41.705994Z,1768522841
2b572aff-817d-765f-d8d7-190d28ed006e,2b572aff-817d-765f-d8d7-190d28ed006e,4254510e-6e80-4f71-9abe-556083baa3bf,KXBTC15M-26JAN151930-30,KXBTC15M-26JAN151930-30,no,buy,1,0.84,84,16,0.8400,0.1600,True,,2026-01-16T00:20:35.21986Z,1768522835
e1bab936-bba9-514b-649c-f4e4570427d4,e1bab936-bba9-514b-649c-f4e4570427d4,bca698b1-12ad-47d1-bee9-c9c2a40bd7f4,KXBTC15M-26JAN151930-30,KXBTC15M-26JAN151930-30,no,buy,1,0.85,85,15,0.8500,0.1500,True,,2026-01-16T00:20:28.738573Z,1768522828
f6381ea9-e8b5-61a5-e722-1a4ef11a8455,f6381ea9-e8b5-61a5-e722-1a4ef11a8455,23dae5a5-6057-480c-91ac-246099a1927a,KXBTC15M-26JAN151930-30,KXBTC15M-26JAN151930-30,no,buy,1,0.85,85,15,0.8500,0.1500,True,,2026-01-16T00:20:06.709944Z,1768522806
e77a12f4-1c82-48fa-3a9c-e713550ae72b,e77a12f4-1c82-48fa-3a9c-e713550ae72b,ae8e2e65-31c2-416c-abdd-a82d782c958a,KXBTC15M-26JAN151930-30,KXBTC15M-26JAN151930-30,no,buy,1,0.83,83,17,0.8300,0.1700,True,,2026-01-16T00:19:54.369878Z,1768522794
c359b701-5002-6c52-eaec-f5688c2232b5,c359b701-5002-6c52-eaec-f5688c2232b5,80c5c862-e7cd-49f9-9280-5af972311c1b,KXBTC15M-26JAN151915-15,KXBTC15M-26JAN151915-15,yes,sell,5,0.98,98,2,0.9800,0.0200,True,,2026-01-16T00:13:04.736637Z,1768522384
6b580ff8-6da9-5020-63e0-9f2f9cf9a022,6b580ff8-6da9-5020-63e0-9f2f9cf9a022,95c77a45-4b25-46e8-be8e-fd28c8ba909a,KXBTC15M-26JAN151915-15,KXBTC15M-26JAN151915-15,no,buy,1,0.91,91,9,0.9100,0.0900,True,,2026-01-16T00:06:51.025845Z,1768522011
eef6865e-796f-5204-25de-8a5b55734ab0,eef6865e-796f-5204-25de-8a5b55734ab0,46893e62-0cd4-467f-a7b2-6657e877cfa0,KXBTC15M-26JAN151915-15,KXBTC15M-26JAN151915-15,no,buy,1,0.91,91,9,0.9100,0.0900,True,,2026-01-16T00:06:44.596827Z,1768522004
9d92ac55-6052-4fc6-92a3-d88af9ae5a70,9d92ac55-6052-4fc6-92a3-d88af9ae5a70,e65d87e2-2f14-434b-84cc-618b4fe0fd97,KXBTC15M-26JAN151915-15,KXBTC15M-26JAN151915-15,no,buy,1,0.88,88,12,0.8800,0.1200,True,,2026-01-16T00:06:25.984614Z,1768521985
de34329c-2426-79e3-3fab-1a3b01560977,de34329c-2426-79e3-3fab-1a3b01560977,2b73aa3a-9ac6-4f60-adfc-7d606679d05f,KXBTC15M-26JAN151915-15,KXBTC15M-26JAN151915-15,no,buy,1,0.87,87,13,0.8700,0.1300,True,,2026-01-16T00:06:19.520932Z,1768521979
c9bfd8e6-7bb7-64ba-efe8-c941e5c2b41c,c9bfd8e6-7bb7-64ba-efe8-c941e5c2b41c,4a4014b1-1da1-4bce-9245-a05b5e5fb482,KXBTC15M-26JAN151915-15,KXBTC15M-26JAN151915-15,no,buy,1,0.83,83,17,0.8300,0.1700,True,,2026-01-16T00:05:43.083829Z,1768521943
8ad93857-fb87-60d3-4de4-5e40c860d999,8ad93857-fb87-60d3-4de4-5e40c860d999,d1d33100-af28-4aba-be5b-c3a9e4cb0914,KXBTC15M-26JAN151900-00,KXBTC15M-26JAN151900-00,no,buy,1,0.91,91,9,0.9100,0.0900,True,,2026-01-15T23:54:18.580908Z,1768521258
3ef55c67-91d5-5cc8-0f0d-d407767750c8,3ef55c67-91d5-5cc8-0f0d-d407767750c8,1fd01741-3364-4426-aba7-70fcff9dded9,KXBTC15M-26JAN151900-00,KXBTC15M-26JAN151900-00,no,buy,1,0.87,87,13,0.8700,0.1300,True,,2026-01-15T23:53:18.474233Z,1768521198
bb8f15ae-26f0-7560-9407-8db483689d9e,bb8f15ae-26f0-7560-9407-8db483689d9e,69972c21-5fff-4f79-82d1-b81fe078dc38,KXBTC15M-26JAN151900-00,KXBTC15M-26JAN151900-00,no,buy,1,0.89,89,11,0.8900,0.1100,True,,2026-01-15T23:53:00.131774Z,1768521180
7f5e356f-fdd8-7394-bc8a-faf23c8ef256,7f5e356f-fdd8-7394-bc8a-faf23c8ef256,d8a36411-2935-4ec4-88f2-e5ce4f8147ca,KXBTC15M-26JAN151900-00,KXBTC15M-26JAN151900-00,no,buy,1,0.89,89,11,0.8900,0.1100,True,,2026-01-15T23:52:53.754741Z,1768521173
2005aff0-6cac-74f8-8a10-364cfc62ab16,2005aff0-6cac-74f8-8a10-364cfc62ab16,cf7582b6-cd68-4f1f-8554-56e1ffba519a,KXBTC15M-26JAN151900-00,KXBTC15M-26JAN151900-00,no,buy,1,0.89,89,11,0.8900,0.1100,True,,2026-01-15T23:52:47.343582Z,1768521167
39ced079-d627-616f-bbda-421f109b3f71,39ced079-d627-616f-bbda-421f109b3f71,94c0abbf-593e-4909-8ec2-6604171bad27,KXBTC15M-26JAN151845-45,KXBTC15M-26JAN151845-45,no,sell,2,0.02,2,98,0.0200,0.9800,True,,2026-01-15T23:42:23.344455Z,1768520543
bde2645d-8eb4-6187-5e74-0fbd692ae321,bde2645d-8eb4-6187-5e74-0fbd692ae321,e6f937e6-7672-4a5d-b554-9be93c4b821d,KXBTC15M-26JAN151845-45,KXBTC15M-26JAN151845-45,yes,buy,1,0.07,7,93,0.0700,0.9300,True,,2026-01-15T23:35:59.796724Z,1768520159
01fad1b2-f9bc-6a2b-9463-8a264a3712a9,01fad1b2-f9bc-6a2b-9463-8a264a3712a9,89ff1a9d-abb0-48b6-87d1-7a8ff48cfe7f,KXBTC15M-26JAN151845-45,KXBTC15M-26JAN151845-45,yes,buy,1,0.07,7,93,0.0700,0.9300,True,,2026-01-15T23:35:53.214852Z,1768520153
bed5afd9-1ac1-5f1a-846d-15a41a706e92,bed5afd9-1ac1-5f1a-846d-15a41a706e92,478f5cf2-b41f-44c0-8d52-b27cb3dfa2cd,KXBTC15M-26JAN151830-30,KXBTC15M-26JAN151830-30,no,buy,1,0.85,85,15,0.8500,0.1500,True,,2026-01-15T23:17:59.687018Z,1768519079
990afa8c-260f-4210-2d2c-f58fdf961819,990afa8c-260f-4210-2d2c-f58fdf961819,c5723147-008d-4258-aa77-fb4f3c1a223c,KXBTC15M-26JAN151830-30,KXBTC15M-26JAN151830-30,no,buy,1,0.85,85,15,0.8500,0.1500,True,,2026-01-15T23:17:53.333663Z,1768519073
8cca0691-259e-6927-560b-a896e0ed4111,8cca0691-259e-6927-560b-a896e0ed4111,d2d7a63b-a9c6-4910-bc7b-1f601162328f,KXBTC15M-26JAN151830-30,KXBTC15M-26JAN151830-30,no,buy,1,0.86,86,14,0.8600,0.1400,True,,2026-01-15T23:17:46.728163Z,1768519066
fdd79329-3487-660f-f1de-702745a846ae,fdd79329-3487-660f-f1de-702745a846ae,99a8389a-3029-481c-960e-0fb6772e4382,KXBTC15M-26JAN151830-30,KXBTC15M-26JAN151830-30,no,buy,1,0.85,85,15,0.8500,0.1500,True,,2026-01-15T23:17:40.345504Z,1768519060
812776c8-2d9c-5d7f-552d-f8c2b660381d,812776c8-2d9c-5d7f-552d-f8c2b660381d,dfec7895-5901-44b2-b8c5-fa231c417acf,KXBTC15M-26JAN151830-30,KXBTC15M-26JAN151830-30,no,buy,1,0.87,87,13,0.8700,0.1300,True,,2026-01-15T23:17:28.029182Z,1768519048
b0af6493-cc0d-7557-1400-421ade244345,b0af6493-cc0d-7557-1400-421ade244345,680a0720-52c8-4f7d-af0e-fcaa5be9baf0,KXBTC15M-26JAN151815-15,KXBTC15M-26JAN151815-15,no,buy,1,0.33,33,67,0.3300,0.6700,True,,2026-01-15T23:02:54.771461Z,1768518174
1b50c7eb-e55a-5a05-33db-1c9630f7d951,1b50c7eb-e55a-5a05-33db-1c9630f7d951,66dab691-9b5d-4633-a37c-d709cf567f26,KXBTC15M-26JAN151815-15,KXBTC15M-26JAN151815-15,no,buy,1,0.35,35,65,0.3500,0.6500,True,,2026-01-15T23:02:42.239971Z,1768518162
55fa51ca-74f5-4237-a076-781a53714437,55fa51ca-74f5-4237-a076-781a53714437,5c600f13-64b9-4321-819f-6876d86cb7e3,KXBTC15M-26JAN151815-15,KXBTC15M-26JAN151815-15,no,buy,1,0.34,34,66,0.3400,0.6600,True,,2026-01-15T23:02:35.79221Z,1768518155
32b918b3-f699-565b-166c-da06420b071b,32b918b3-f699-565b-166c-da06420b071b,45b0dd4d-0422-463a-ac19-c0f1dc322728,KXBTC15M-26JAN151815-15,KXBTC15M-26JAN151815-15,no,buy,1,0.34,34,66,0.3400,0.6600,True,,2026-01-15T23:02:29.412172Z,1768518149
baa780af-8f57-4041-986c-beabc8d73392,baa780af-8f57-4041-986c-beabc8d73392,9c43c4cf-1bd7-403a-842b-4910c40d24ac,KXBTC15M-26JAN151815-15,KXBTC15M-26JAN151815-15,no,buy,1,0.33,33,67,0.3300,0.6700,True,,2026-01-15T23:02:17.022763Z,1768518137
7f375a85-7a02-439f-9f28-511afba37539,7f375a85-7a02-439f-9f28-511afba37539,618b37f4-bbeb-41d5-80a5-c8d7c554836e,KXBTC15M-26JAN151815-15,KXBTC15M-26JAN151815-15,no,sell,4,0.34,34,66,0.3400,0.6600,True,,2026-01-15T23:02:11.01162Z,1768518131
a853a3f9-ebe8-4df8-0f64-ca32ec081180,a853a3f9-ebe8-4df8-0f64-ca32ec081180,09e12a42-e3cf-415a-a69a-a447a71f862e,KXBTC15M-26JAN151815-15,KXBTC15M-26JAN151815-15,yes,buy,4,0.37,37,63,0.3700,0.6300,True,,2026-01-15T23:01:04.445744Z,1768518064
5b1cc129-1ac7-4021-fc21-bf393c54f08e,5b1cc129-1ac7-4021-fc21-bf393c54f08e,32e03f14-de1d-436b-9233-5f8e5a307794,KXBTC15M-26JAN151745-45,KXBTC15M-26JAN151745-45,no,buy,1,0.63,63,37,0.6300,0.3700,True,,2026-01-15T22:42:39.678718Z,1768516959
4d0f1c62-71b1-49da-545d-9d560744e4f6,4d0f1c62-71b1-49da-545d-9d560744e4f6,dfa51772-f1c5-41b8-be02-429730893d32,KXBTC15M-26JAN151745-45,KXBTC15M-26JAN151745-45,no,buy,1,0.64,64,36,0.6400,0.3600,True,,2026-01-15T22:42:25.334297Z,1768516945
f1a4b49b-f052-670c-9561-6a197de12880,f1a4b49b-f052-670c-9561-6a197de12880,42b634e4-8b00-49fa-88d9-24516d307079,KXBTC15M-26JAN151745-45,KXBTC15M-26JAN151745-45,no,buy,1,0.63,63,37,0.6300,0.3700,True,,2026-01-15T22:42:18.941548Z,1768516938
6939cbd1-5829-5cb5-d6c6-da9cf8c48432,6939cbd1-5829-5cb5-d6c6-da9cf8c48432,4680aeea-0a8e-46e5-90a0-f01530ec1b67,KXBTC15M-26JAN151745-45,KXBTC15M-26JAN151745-45,no,buy,1,0.92,92,8,0.9200,0.0800,True,,2026-01-15T22:41:54.566755Z,1768516914
42748ab3-0f34-4177-ddf3-460e0627397a,42748ab3-0f34-4177-ddf3-460e0627397a,56d463a2-586b-4230-95e6-5af7c025d066,KXBTC15M-26JAN151745-45,KXBTC15M-26JAN151745-45,no,buy,1,0.87,87,13,0.8700,0.1300,True,,2026-01-15T22:41:18.126964Z,1768516878
8db3f020-0650-6000-a2dd-9b2c919eb615,8db3f020-0650-6000-a2dd-9b2c919eb615,f42512c4-7a47-4ae7-86c1-b4f64cb856ef,KXBTC15M-26JAN151715-15,KXBTC15M-26JAN151715-15,no,buy,1,0.07,7,93,0.0700,0.9300,True,,2026-01-15T22:13:26.001774Z,1768515206
231f04ee-aada-5060-e4c3-cf5e815d0b33,231f04ee-aada-5060-e4c3-cf5e815d0b33,032a9e04-bad9-44f8-94e0-26d3f0bb9f57,KXBTC15M-26JAN151715-15,KXBTC15M-26JAN151715-15,no,buy,1,0.25,25,75,0.2500,0.7500,True,,2026-01-15T22:13:04.083156Z,1768515184
a2b027da-3efc-41ad-2dc3-98ba28527f28,a2b027da-3efc-41ad-2dc3-98ba28527f28,f18aee10-9cce-4114-aa72-bf78e667f824,KXBTC15M-26JAN151715-15,KXBTC15M-26JAN151715-15,no,buy,1,0.92,92,8,0.9200,0.0800,True,,2026-01-15T22:07:49.655964Z,1768514869
c559dfdc-c070-66d1-32d3-2eca7f071b50,c559dfdc-c070-66d1-32d3-2eca7f071b50,5a29ed03-a623-48f7-a62a-afa4c9748fc3,KXBTC15M-26JAN151700-00,KXBTC15M-26JAN151700-00,no,buy,1,0.87,87,13,0.8700,0.1300,True,,2026-01-15T21:52:55.389508Z,1768513975
18ebc6e7-1086-4de5-f682-ec941e1b0efe,18ebc6e7-1086-4de5-f682-ec941e1b0efe,7543bf52-ce3b-4055-9cc7-01ce4384cdeb,KXBTC15M-26JAN151700-00,KXBTC15M-26JAN151700-00,no,buy,1,0.84,84,16,0.8400,0.1600,True,,2026-01-15T21:51:59.870258Z,1768513919
fae4ff67-ca55-7371-00e1-a1573850d064,fae4ff67-ca55-7371-00e1-a1573850d064,8f3ab6d1-d663-4e46-a8cd-9d2ca0079a6c,KXBTC15M-26JAN151700-00,KXBTC15M-26JAN151700-00,no,buy,1,0.88,88,12,0.8800,0.1200,True,,2026-01-15T21:50:46.797956Z,1768513846
204cf0c4-2b89-6e17-4506-741499a0dca1,204cf0c4-2b89-6e17-4506-741499a0dca1,6c5286ec-3438-4960-b6eb-cd564626ce40,KXBTC15M-26JAN151700-00,KXBTC15M-26JAN151700-00,no,buy,1,0.89,89,11,0.8900,0.1100,True,,2026-01-15T21:50:40.323783Z,1768513840
c42aef1f-8051-418f-afd0-cdc8237b75da,c42aef1f-8051-418f-afd0-cdc8237b75da,c7a3ce29-2651-400e-869a-441def433b1d,KXBTC15M-26JAN151700-00,KXBTC15M-26JAN151700-00,no,buy,1,0.89,89,11,0.8900,0.1100,True,,2026-01-15T21:50:33.930333Z,1768513833
7ff92de0-3b22-55d7-4047-2e9db5803251,7ff92de0-3b22-55d7-4047-2e9db5803251,c83dafa6-7fe0-4523-b8d4-9f4acc95484d,KXBTC15M-26JAN151645-45,KXBTC15M-26JAN151645-45,no,buy,5,0.92,92,8,0.9200,0.0800,True,,2026-01-15T21:43:43.624064Z,1768513423
1e2e1f39-0bd2-481e-24a4-ebd263376444,1e2e1f39-0bd2-481e-24a4-ebd263376444,def5b537-4747-42af-abe2-187ef07d3bee,KXBTC15M-26JAN151645-45,KXBTC15M-26JAN151645-45,no,buy,2,0.3,30,70,0.3000,0.7000,True,,2026-01-15T21:43:04.52641Z,1768513384
3c211685-aa6f-64e8-9adf-3e606e2e6d97,3c211685-aa6f-64e8-9adf-3e606e2e6d97,e1aec41c-ca0a-497a-87c3-2f8723a96f00,KXBTC15M-26JAN151645-45,KXBTC15M-26JAN151645-45,no,buy,1,0.33,33,67,0.3300,0.6700,True,,2026-01-15T21:42:10.059441Z,1768513330
446a42a6-f24f-4bb2-fd84-6b471b406c99,446a42a6-f24f-4bb2-fd84-6b471b406c99,c1609fad-567d-427a-99fa-c3937b12b55d,KXBTC15M-26JAN151645-45,KXBTC15M-26JAN151645-45,no,buy,1,0.34,34,66,0.3400,0.6600,True,,2026-01-15T21:42:03.485465Z,1768513323
649b8c6a-d1bc-77a3-1b59-95a8283749f8,649b8c6a-d1bc-77a3-1b59-95a8283749f8,6a6e303b-fbb8-4c38-a550-4f41a7a9e327,KXBTC15M-26JAN151645-45,KXBTC15M-26JAN151645-45,no,buy,1,0.42,42,58,0.4200,0.5800,True,,2026-01-15T21:41:20.465924Z,1768513280
48c6d497-f4c1-518c-4f5e-7b3b808a12e8,48c6d497-f4c1-518c-4f5e-7b3b808a12e8,3ae517f4-1fab-477f-b4ef-82649335aabf,KXBTC15M-26JAN151645-45,KXBTC15M-26JAN151645-45,no,sell,5,0.44,44,56,0.4400,0.5600,True,,2026-01-15T21:41:14.38123Z,1768513274
aaf569d5-089d-7b94-e852-3d456077dfcf,aaf569d5-089d-7b94-e852-3d456077dfcf,50341f3c-bfe7-4d42-9099-793e95703809,KXBTC15M-26JAN151645-45,KXBTC15M-26JAN151645-45,yes,buy,1,0.59,59,41,0.5900,0.4100,True,,2026-01-15T21:34:42.148846Z,1768512882
37b59f3a-6c60-4a52-66eb-bd5fc8ec1505,37b59f3a-6c60-4a52-66eb-bd5fc8ec1505,edcebfca-ec65-436d-b013-1a4fa9ac8995,KXBTC15M-26JAN151645-45,KXBTC15M-26JAN151645-45,yes,buy,3,0.41,41,59,0.4100,0.5900,True,,2026-01-15T21:31:10.835746Z,1768512670
1c225f9c-d272-68d1-2450-9d6df26cbcbd,1c225f9c-d272-68d1-2450-9d6df26cbcbd,e8e32bc5-d39b-487b-acf8-dff1b81c841b,KXBTC15M-26JAN151645-45,KXBTC15M-26JAN151645-45,yes,buy,1,0.37,37,63,0.3700,0.6300,True,,2026-01-15T21:31:04.363067Z,1768512664
a96fa97d-c62d-5948-616b-61ff5fbc5977,a96fa97d-c62d-5948-616b-61ff5fbc5977,dbb78869-5c47-4507-b762-5f9c62e423c3,KXBTC15M-26JAN151630-30,KXBTC15M-26JAN151630-30,yes,buy,2,0.58,58,42,0.5800,0.4200,True,,2026-01-15T21:16:19.326306Z,1768511779
29b06ac1-1bd1-6764-2b54-bbc25ec459cf,29b06ac1-1bd1-6764-2b54-bbc25ec459cf,fb807886-6b38-4a8c-a5ed-a91322ba23ed,KXBTC15M-26JAN151630-30,KXBTC15M-26JAN151630-30,yes,buy,2,0.58,58,42,0.5800,0.4200,True,,2026-01-15T21:16:12.958056Z,1768511772
e6d96204-0e8a-5838-bd41-7117bb75f95c,e6d96204-0e8a-5838-bd41-7117bb75f95c,bf0b308c-d7f1-461b-8e6a-e6dbb75018a2,KXBTC15M-26JAN151615-15,KXBTC15M-26JAN151615-15,yes,buy,1,0.93,93,7,0.9300,0.0700,True,,2026-01-15T21:11:35.493155Z,1768511495
bac0804e-a24e-4f76-2edf-0eb498cc1e1c,bac0804e-a24e-4f76-2edf-0eb498cc1e1c,16f91f8c-167a-4375-a7e8-ecbdda35605f,KXBTC15M-26JAN151615-15,KXBTC15M-26JAN151615-15,yes,sell,4,0.93,93,7,0.9300,0.0700,True,,2026-01-15T21:11:29.241993Z,1768511489
d21aa657-3906-6282-04e7-8d80fa164388,d21aa657-3906-6282-04e7-8d80fa164388,03eb02f5-be1e-48f2-ad22-d371d203ee3c,KXBTC15M-26JAN151615-15,KXBTC15M-26JAN151615-15,yes,sell,1,0.92,92,8,0.9200,0.0800,True,,2026-01-15T21:11:23.047378Z,1768511483
2db0df76-163b-6fba-2f00-4b64d2662751,2db0df76-163b-6fba-2f00-4b64d2662751,e0fe91c1-18df-4bcb-a94a-86ee40ff9e4f,KXBTC15M-26JAN151615-15,KXBTC15M-26JAN151615-15,no,buy,1,0.9,90,10,0.9000,0.1000,True,,2026-01-15T21:03:56.511573Z,1768511036
ff71a0f8-44f3-4190-0f44-2550aa722bc4,ff71a0f8-44f3-4190-0f44-2550aa722bc4,ceb03d48-e504-42f6-a17b-189c398fb70c,KXBTC15M-26JAN151615-15,KXBTC15M-26JAN151615-15,no,buy,1,0.9,90,10,0.9000,0.1000,True,,2026-01-15T21:03:49.780933Z,1768511029
f379cabd-bcd2-422b-9973-b8e45bf5a2b9,f379cabd-bcd2-422b-9973-b8e45bf5a2b9,9d15fa4e-3503-4299-82f5-94e1a12b9ebf,KXBTC15M-26JAN151615-15,KXBTC15M-26JAN151615-15,no,buy,1,0.91,91,9,0.9100,0.0900,True,,2026-01-15T21:03:43.302046Z,1768511023
1e20ed25-cfa6-7e0b-b0e1-2dc9191e9de5,1e20ed25-cfa6-7e0b-b0e1-2dc9191e9de5,2643b3a8-29de-4d91-8891-31aaf1915168,KXBTC15M-26JAN151615-15,KXBTC15M-26JAN151615-15,no,buy,1,0.91,91,9,0.9100,0.0900,True,,2026-01-15T21:03:36.873511Z,1768511016
b8b5cc8d-e383-79e1-9dbb-5e78f469e4d9,b8b5cc8d-e383-79e1-9dbb-5e78f469e4d9,9ed55dd7-1a8f-4cb3-8725-fb1121f45cf4,KXBTC15M-26JAN151615-15,KXBTC15M-26JAN151615-15,no,buy,1,0.91,91,9,0.9100,0.0900,True,,2026-01-15T21:03:30.43313Z,1768511010
a11f7e75-1123-7d3b-839b-d5bb2b8a681a,a11f7e75-1123-7d3b-839b-d5bb2b8a681a,43fb69c4-0b8a-4fd0-88e1-2cacc51e958d,KXBTC15M-26JAN151600-00,KXBTC15M-26JAN151600-00,no,buy,1,0.18,18,82,0.1800,0.8200,True,,2026-01-15T20:58:03.271926Z,1768510683
752e7147-ab7c-6176-fdfa-12c957556b08,752e7147-ab7c-6176-fdfa-12c957556b08,542d75e9-786b-4a7f-90c7-5188a7819e32,KXBTC15M-26JAN151600-00,KXBTC15M-26JAN151600-00,no,buy,1,0.23,23,77,0.2300,0.7700,True,,2026-01-15T20:57:56.875703Z,1768510676
33d6254e-c825-4c96-7cc0-30a8fc9f2661,33d6254e-c825-4c96-7cc0-30a8fc9f2661,4110724d-e0be-4235-b853-7655112e1a6a,KXBTC15M-26JAN151600-00,KXBTC15M-26JAN151600-00,no,buy,1,0.24,24,76,0.2400,0.7600,True,,2026-01-15T20:57:50.505086Z,1768510670
fc227d61-65a2-4378-2c42-7789053a7e12,fc227d61-65a2-4378-2c42-7789053a7e12,f50a6eed-30fb-4333-a388-36670bbf547e,KXBTC15M-26JAN151600-00,KXBTC15M-26JAN151600-00,no,buy,1,0.29,29,71,0.2900,0.7100,True,,2026-01-15T20:57:44.082029Z,1768510664
515dce43-51e2-5618-686f-0bdc61a5ae5d,515dce43-51e2-5618-686f-0bdc61a5ae5d,2c0f9ff5-e202-46bc-b4fa-886c13f027ff,KXBTC15M-26JAN151600-00,KXBTC15M-26JAN151600-00,no,buy,1,0.44,44,56,0.4400,0.5600,True,,2026-01-15T20:57:07.292658Z,1768510627
87fc96ee-6df8-554f-c827-7d6f9b184708,87fc96ee-6df8-554f-c827-7d6f9b184708,061329d2-2bf6-462c-9925-ffb6d0be4865,KXBTC15M-26JAN151545-45,KXBTC15M-26JAN151545-45,yes,buy,1,0.93,93,7,0.9300,0.0700,True,,2026-01-15T20:42:06.80071Z,1768509726
5222df2f-d043-48f5-3a06-eee3bd0a39a5,5222df2f-d043-48f5-3a06-eee3bd0a39a5,c6919e71-592b-41f4-a709-67ae7c8f3ec9,KXBTC15M-26JAN151545-45,KXBTC15M-26JAN151545-45,yes,buy,1,0.93,93,7,0.9300,0.0700,True,,2026-01-15T20:41:24.172206Z,1768509684
1a2cc7f8-3f54-799a-104e-ec60a6a31a3c,1a2cc7f8-3f54-799a-104e-ec60a6a31a3c,8f4498bf-377a-4fd7-a7ef-00a712972e57,KXBTC15M-26JAN151545-45,KXBTC15M-26JAN151545-45,yes,buy,1,0.91,91,9,0.9100,0.0900,True,,2026-01-15T20:41:05.640905Z,1768509665
f3148428-7888-645c-5b38-6432ccd91132,f3148428-7888-645c-5b38-6432ccd91132,221bc87f-cbf3-4975-b3de-38d5d7d296be,KXBTC15M-26JAN151545-45,KXBTC15M-26JAN151545-45,yes,buy,1,0.84,84,16,0.8400,0.1600,True,,2026-01-15T20:40:05.245948Z,1768509605
11caf984-c5cb-7607-d7cd-c39a4a830d4b,11caf984-c5cb-7607-d7cd-c39a4a830d4b,27e3cd54-9572-4fad-920f-3d499a0a3306,KXBTC15M-26JAN151515-15,KXBTC15M-26JAN151515-15,yes,buy,1,0.94,94,6,0.9400,0.0600,True,,2026-01-15T20:13:28.004967Z,1768508008
d6e974f9-ad08-4249-824c-c657dae69ece,d6e974f9-ad08-4249-824c-c657dae69ece,a410d6b4-069b-432a-8cd9-2a63fb91f019,KXBTC15M-26JAN151515-15,KXBTC15M-26JAN151515-15,yes,buy,1,0.88,88,12,0.8800,0.1200,True,,2026-01-15T20:13:21.591089Z,1768508001
d4dd72db-2810-6a8b-5ace-e8db9f1acb9a,d4dd72db-2810-6a8b-5ace-e8db9f1acb9a,9959deeb-8357-4951-b380-1c67c375d533,KXBTC15M-26JAN151515-15,KXBTC15M-26JAN151515-15,yes,buy,1,0.85,85,15,0.8500,0.1500,True,,2026-01-15T20:13:07.364782Z,1768507987
840b3ea6-e59b-7904-d7f1-ae95d58bc682,840b3ea6-e59b-7904-d7f1-ae95d58bc682,6f4ef936-6825-4c2f-902d-c2d08c7fe14d,KXBTC15M-26JAN151515-15,KXBTC15M-26JAN151515-15,yes,buy,1,0.46,46,54,0.4600,0.5400,True,,2026-01-15T20:01:07.688163Z,1768507267
d6d8b583-cf92-623a-3f31-af6f4060d257,d6d8b583-cf92-623a-3f31-af6f4060d257,c0636fc1-d504-4b3b-a399-f50579a74b3f,KXBTC15M-26JAN151515-15,KXBTC15M-26JAN151515-15,yes,buy,1,0.45,45,55,0.4500,0.5500,True,,2026-01-15T20:01:01.24331Z,1768507261
2e054beb-453c-5b11-1d31-c420342e8574,2e054beb-453c-5b11-1d31-c420342e8574,598de227-d8cd-4508-a34f-788edab15362,KXBTC15M-26JAN151500-00,KXBTC15M-26JAN151500-00,yes,buy,1,0.94,94,6,0.9400,0.0600,True,,2026-01-15T19:58:15.070832Z,1768507095
076e2264-b2c3-50cf-a93f-127dc22e0554,076e2264-b2c3-50cf-a93f-127dc22e0554,f596b99f-0006-47ed-8d51-e2df8e9d2150,KXBTC15M-26JAN151500-00,KXBTC15M-26JAN151500-00,yes,buy,1,0.95,95,5,0.9500,0.0500,True,,2026-01-15T19:58:08.763505Z,1768507088
057bfcaa-7d33-6feb-4734-eb0722f4398c,057bfcaa-7d33-6feb-4734-eb0722f4398c,b513ce2c-b3fa-4824-b6d3-1c8136abae66,KXBTC15M-26JAN151500-00,KXBTC15M-26JAN151500-00,yes,buy,1,0.95,95,5,0.9500,0.0500,True,,2026-01-15T19:58:02.232615Z,1768507082
b415d56c-3167-5760-b3ee-921254d44b3f,b415d56c-3167-5760-b3ee-921254d44b3f,f62c16fb-88ea-46a8-8cbb-2b9bfd4fe7ae,KXBTC15M-26JAN151500-00,KXBTC15M-26JAN151500-00,yes,buy,1,0.93,93,7,0.9300,0.0700,True,,2026-01-15T19:52:02.890473Z,1768506722
946e0073-1a83-5a18-78f8-91decc10a9cf,946e0073-1a83-5a18-78f8-91decc10a9cf,fe32e3bc-4213-45f6-be7e-ab68db7edf12,KXBTC15M-26JAN151500-00,KXBTC15M-26JAN151500-00,yes,buy,1,0.93,93,7,0.9300,0.0700,True,,2026-01-15T19:51:02.61263Z,1768506662
3f5078f8-4467-58cb-f5a9-64ca13f84a95,3f5078f8-4467-58cb-f5a9-64ca13f84a95,6778d538-d674-457c-95a3-bdf4ef39ed86,KXBTC15M-26JAN151415-15,KXBTC15M-26JAN151415-15,no,buy,1,0.35,35,65,0.3500,0.6500,True,,2026-01-15T19:13:40.473535Z,1768504420
9060fdbe-f7a2-7f25-30cc-d69de22fe039,9060fdbe-f7a2-7f25-30cc-d69de22fe039,4f884c7c-ede9-4ca7-ac6c-892cfbf14e21,KXBTC15M-26JAN151415-15,KXBTC15M-26JAN151415-15,no,buy,1,0.26,26,74,0.2600,0.7400,True,,2026-01-15T19:13:26.378036Z,1768504406
d3b5edc1-2b1f-5b48-9210-d3517b73a671,d3b5edc1-2b1f-5b48-9210-d3517b73a671,b1697442-0fef-458f-872b-75895f86c49d,KXBTC15M-26JAN151415-15,KXBTC15M-26JAN151415-15,no,buy,1,0.24,24,76,0.2400,0.7600,True,,2026-01-15T19:13:20.015338Z,1768504400
69bb6b49-ed9f-5a46-a345-886eeaba82ff,69bb6b49-ed9f-5a46-a345-886eeaba82ff,54927916-ea9a-4644-850e-6811e4a27320,KXBTC15M-26JAN151415-15,KXBTC15M-26JAN151415-15,no,buy,1,0.28,28,72,0.2800,0.7200,True,,2026-01-15T19:13:05.834259Z,1768504385
bc72e67f-36c7-5951-786b-e74ab0dcadcd,bc72e67f-36c7-5951-786b-e74ab0dcadcd,59c82815-0e00-46bb-b0a1-ad704fc3a386,KXBTC15M-26JAN151415-15,KXBTC15M-26JAN151415-15,no,buy,1,0.24,24,76,0.2400,0.7600,True,,2026-01-15T19:12:35.523546Z,1768504355
4457d710-1f82-74c9-7699-5031f0fbb468,4457d710-1f82-74c9-7699-5031f0fbb468,be193960-edff-4c05-b4e1-82c4a2c98a30,KXBTC15M-26JAN151400-00,KXBTC15M-26JAN151400-00,no,buy,1,0.14,14,86,0.1400,0.8600,True,,2026-01-15T18:57:05.008211Z,1768503425
626a2728-c1b5-51a4-8f17-de09efa47799,626a2728-c1b5-51a4-8f17-de09efa47799,3a1d8e6e-f0cf-4794-8f6c-4cf86d416190,KXBTC15M-26JAN151330-30,KXBTC15M-26JAN151330-30,no,buy,1,0.1,10,90,0.1000,0.9000,True,,2026-01-15T18:28:50.182381Z,1768501730
76eb5b7e-1623-5728-c943-7d15402339a2,76eb5b7e-1623-5728-c943-7d15402339a2,c5f99859-0d90-46f0-9751-2c2a8e108c40,KXBTC15M-26JAN151330-30,KXBTC15M-26JAN151330-30,no,buy,1,0.08,8,92,0.0800,0.9200,True,,2026-01-15T18:28:43.810279Z,1768501723
c085313a-52d5-5671-5ba2-ff3759f45118,c085313a-52d5-5671-5ba2-ff3759f45118,c9ab3e4f-e1aa-46d4-b450-ea8c48680944,KXBTC15M-26JAN151330-30,KXBTC15M-26JAN151330-30,no,buy,1,0.11,11,89,0.1100,0.8900,True,,2026-01-15T18:28:37.477862Z,1768501717
c24846ba-8585-55b8-f738-f8e5a6331eb5,c24846ba-8585-55b8-f738-f8e5a6331eb5,af52d809-cfa9-47e7-91b6-86fb14cda987,KXBTC15M-26JAN151330-30,KXBTC15M-26JAN151330-30,no,buy,1,0.11,11,89,0.1100,0.8900,True,,2026-01-15T18:28:23.262505Z,1768501703
565943aa-c90f-431e-ef83-cacf21ad2a92,565943aa-c90f-431e-ef83-cacf21ad2a92,7a4a2d42-3fbb-4183-9bd8-51904148bdde,KXBTC15M-26JAN151300-00,KXBTC15M-26JAN151300-00,yes,buy,2,0.51,51,49,0.5100,0.4900,True,,2026-01-15T17:46:11.706868Z,1768499171
e92a898e-0254-5df2-63a5-7296a1ba150e,e92a898e-0254-5df2-63a5-7296a1ba150e,111380e7-1805-4787-b107-292d22cb5445,KXBTC15M-26JAN151300-00,KXBTC15M-26JAN151300-00,yes,buy,1,0.62,62,38,0.6200,0.3800,True,,2026-01-15T17:46:05.376443Z,1768499165
82426fc6-e29b-5049-7e7a-8c69a32e9ba6,82426fc6-e29b-5049-7e7a-8c69a32e9ba6,111380e7-1805-4787-b107-292d22cb5445,KXBTC15M-26JAN151300-00,KXBTC15M-26JAN151300-00,yes,buy,1,0.58,58,42,0.5800,0.4200,True,,2026-01-15T17:46:05.376443Z,1768499165
46d33616-4f05-67fc-d5a9-8d6164bb5a9c,46d33616-4f05-67fc-d5a9-8d6164bb5a9c,682496dd-680f-4b09-97ea-7ae0fd5bde86,KXBTC15M-26JAN151200-00,KXBTC15M-26JAN151200-00,no,sell,5,0.99,99,1,0.9900,0.0100,True,,2026-01-15T16:59:14.432029Z,1768496354
42d3e432-0c76-7be5-c7ec-444a2fe8b5ee,42d3e432-0c76-7be5-c7ec-444a2fe8b5ee,fb0417da-f49e-4fb3-9f86-c98b135c791d,KXBTC15M-26JAN151200-00,KXBTC15M-26JAN151200-00,yes,buy,1,0.96,96,4,0.9600,0.0400,True,,2026-01-15T16:58:37.899654Z,1768496317
bed996d1-e399-5040-4bb0-56b2c12c0b20,bed996d1-e399-5040-4bb0-56b2c12c0b20,e85a2c56-c430-47fd-bb6b-805368139143,KXBTC15M-26JAN151200-00,KXBTC15M-26JAN151200-00,yes,buy,1,0.86,86,14,0.8600,0.1400,True,,2026-01-15T16:58:16.118193Z,1768496296
8c3323b1-6a2b-54fd-622d-7289aa9cf8ba,8c3323b1-6a2b-54fd-622d-7289aa9cf8ba,dbbe1bdc-35cc-4490-baae-d9713056883f,KXBTC15M-26JAN151200-00,KXBTC15M-26JAN151200-00,yes,buy,1,0.87,87,13,0.8700,0.1300,True,,2026-01-15T16:58:09.711207Z,1768496289
36139a18-4e01-58fb-3cb3-942d1054e91d,36139a18-4e01-58fb-3cb3-942d1054e91d,227b79ca-d11e-44a1-ac77-d0f259d47d34,KXBTC15M-26JAN151200-00,KXBTC15M-26JAN151200-00,yes,buy,1,0.8,80,20,0.8000,0.2000,True,,2026-01-15T16:58:03.285091Z,1768496283
2adeccec-7410-71cb-2fe1-db3500f4c8e0,2adeccec-7410-71cb-2fe1-db3500f4c8e0,e0fb8626-e9ff-4e6e-a696-8baed1956de4,KXBTC15M-26JAN151200-00,KXBTC15M-26JAN151200-00,yes,buy,1,0.45,45,55,0.4500,0.5500,True,,2026-01-15T16:57:13.024428Z,1768496233
c7d14b1c-809a-5750-892b-bb22de5331a3,c7d14b1c-809a-5750-892b-bb22de5331a3,5c776892-c939-47af-83c9-9e2403032673,KXBTC15M-26JAN151145-45,KXBTC15M-26JAN151145-45,yes,buy,1,0.87,87,13,0.8700,0.1300,True,,2026-01-15T16:40:11.95401Z,1768495211
922024ca-df94-4f4a-47e8-64a70fc39da9,922024ca-df94-4f4a-47e8-64a70fc39da9,fa685128-3fa6-423a-b928-0a27020d809a,KXBTC15M-26JAN151130-30,KXBTC15M-26JAN151130-30,no,sell,1,0.53,53,47,0.5300,0.4700,True,,2026-01-15T16:28:54.96747Z,1768494534
21532905-a048-44e5-5fcf-6f56a2af3b6f,21532905-a048-44e5-5fcf-6f56a2af3b6f,fa685128-3fa6-423a-b928-0a27020d809a,KXBTC15M-26JAN151130-30,KXBTC15M-26JAN151130-30,no,sell,4,0.53,53,47,0.5300,0.4700,True,,2026-01-15T16:28:54.96747Z,1768494534
7d2862bf-a9ed-58a7-224b-63372044ade9,7d2862bf-a9ed-58a7-224b-63372044ade9,f0709568-f241-47d0-a70c-7c734625a4c5,KXBTC15M-26JAN151130-30,KXBTC15M-26JAN151130-30,yes,buy,1,0.78,78,22,0.7800,0.2200,True,,2026-01-15T16:17:25.248741Z,1768493845
b2591d10-12f1-649c-5838-2d5265b1f40d,b2591d10-12f1-649c-5838-2d5265b1f40d,fe4b8e47-3e36-4be1-b7f8-5a249c53882e,KXBTC15M-26JAN151130-30,KXBTC15M-26JAN151130-30,yes,buy,1,0.78,78,22,0.7800,0.2200,True,,2026-01-15T16:17:18.692589Z,1768493838
5ab19543-c814-6d1f-7b93-d7ca51eae995,5ab19543-c814-6d1f-7b93-d7ca51eae995,ec917248-9957-4be7-bde1-90ff248dcff1,KXBTC15M-26JAN151130-30,KXBTC15M-26JAN151130-30,yes,buy,1,0.75,75,25,0.7500,0.2500,True,,2026-01-15T16:17:12.342717Z,1768493832
2f3061ed-a557-50a7-3e36-221942dd1981,2f3061ed-a557-50a7-3e36-221942dd1981,bf43a0e5-519a-46b1-addf-04d88c0fae7c,KXBTC15M-26JAN151130-30,KXBTC15M-26JAN151130-30,yes,buy,1,0.69,69,31,0.6900,0.3100,True,,2026-01-15T16:16:58.254792Z,1768493818
94d145ef-3940-7b2c-10fa-4bd493484a8b,94d145ef-3940-7b2c-10fa-4bd493484a8b,1023db16-cf83-4f4f-a928-b81f48559b25,KXBTC15M-26JAN151130-30,KXBTC15M-26JAN151130-30,yes,buy,1,0.65,65,35,0.6500,0.3500,True,,2026-01-15T16:16:51.913894Z,1768493811
1d07dd7c-4473-58fa-574a-ae59f5636c9a,1d07dd7c-4473-58fa-574a-ae59f5636c9a,a8ed0a7b-04e4-47f0-b2d7-ea34bb58ef7b,KXBTC15M-26JAN151115-15,KXBTC15M-26JAN151115-15,no,buy,1,0.04,4,96,0.0400,0.9600,True,,2026-01-15T16:13:07.525686Z,1768493587
1d591c4a-7096-7dad-e124-fcdd9a7f13e4,1d591c4a-7096-7dad-e124-fcdd9a7f13e4,b1e79182-79e4-4d13-938c-bc2e2fe83b30,KXBTC15M-26JAN151115-15,KXBTC15M-26JAN151115-15,no,buy,1,0.06,6,94,0.0600,0.9400,True,,2026-01-15T16:12:30.93533Z,1768493550
47c81860-3cb0-6d1b-075c-87a8621a2e95,47c81860-3cb0-6d1b-075c-87a8621a2e95,19710e6a-72a2-48bf-aecc-d3d7b631179c,KXBTC15M-26JAN151115-15,KXBTC15M-26JAN151115-15,no,buy,1,0.1,10,90,0.1000,0.9000,True,,2026-01-15T16:12:12.499017Z,1768493532
87e4c938-e434-559d-e60b-d3caaf60ec22,87e4c938-e434-559d-e60b-d3caaf60ec22,6ce87fd2-632b-451e-9619-ced68fa44f27,KXBTC15M-26JAN151115-15,KXBTC15M-26JAN151115-15,no,buy,1,0.07,7,93,0.0700,0.9300,True,,2026-01-15T16:12:06.086274Z,1768493526
35c490e6-44c0-6ded-a128-bfbab20ccf42,35c490e6-44c0-6ded-a128-bfbab20ccf42,806069a5-cb16-4b02-87d1-15ca88ff47ff,KXBTC15M-26JAN151115-15,KXBTC15M-26JAN151115-15,no,sell,4,0.07,7,93,0.0700,0.9300,True,,2026-01-15T16:12:05.971716Z,1768493525
1755ab67-1fda-51cc-fd9a-b14472fd8385,1755ab67-1fda-51cc-fd9a-b14472fd8385,24326c0a-673d-4538-9ad6-694fc48af35c,KXBTC15M-26JAN151115-15,KXBTC15M-26JAN151115-15,yes,buy,1,0.08,8,92,0.0800,0.9200,True,,2026-01-15T16:09:04.940543Z,1768493344
22e98dfb-3da3-6b2a-e5a0-d4188f10bfbb,22e98dfb-3da3-6b2a-e5a0-d4188f10bfbb,2b71892e-22aa-4b03-9fe6-20e6caae7cca,KXBTC15M-26JAN151115-15,KXBTC15M-26JAN151115-15,yes,buy,1,0.09,9,91,0.0900,0.9100,True,,2026-01-15T16:08:34.468885Z,1768493314
3629fe76-8187-410f-8248-1021da76ff58,3629fe76-8187-410f-8248-1021da76ff58,fb3176da-823b-4223-8147-77485c4e2706,KXBTC15M-26JAN151115-15,KXBTC15M-26JAN151115-15,yes,buy,1,0.1,10,90,0.1000,0.9000,True,,2026-01-15T16:07:58.175551Z,1768493278
5f98ff8a-52c7-6297-9844-b7e70e49b460,5f98ff8a-52c7-6297-9844-b7e70e49b460,a15d36a5-b6eb-4ac5-87c4-5eb9e941f5c8,KXBTC15M-26JAN151115-15,KXBTC15M-26JAN151115-15,yes,buy,1,0.1,10,90,0.1000,0.9000,True,,2026-01-15T16:07:51.826668Z,1768493271
dd5cb342-ecf8-6ca6-bd2e-d8102cb45e7a,dd5cb342-ecf8-6ca6-bd2e-d8102cb45e7a,9b026ee8-61f4-4b56-8bd7-5147a91518f9,KXBTC15M-26JAN151100-00,KXBTC15M-26JAN151100-00,no,buy,1,0.21,21,79,0.2100,0.7900,True,,2026-01-15T15:56:13.026759Z,1768492573
43d31688-2121-620f-1db2-f5f61308ec9a,43d31688-2121-620f-1db2-f5f61308ec9a,ca6d6cad-a338-49ec-ab78-d6a4ad2adfb3,KXBTC15M-26JAN151100-00,KXBTC15M-26JAN151100-00,no,buy,1,0.16,16,84,0.1600,0.8400,True,,2026-01-15T15:56:06.548871Z,1768492566
c9a4dc49-dd81-58f4-65cd-e8a01ac61ee7,c9a4dc49-dd81-58f4-65cd-e8a01ac61ee7,f7e5322b-8391-4475-b40f-c8a6a14540a0,KXBTC15M-26JAN151100-00,KXBTC15M-26JAN151100-00,no,buy,1,0.23,23,77,0.2300,0.7700,True,,2026-01-15T15:47:04.5464Z,1768492024
cba8d1d3-254f-575e-51d2-4a51d563d6e7,cba8d1d3-254f-575e-51d2-4a51d563d6e7,7909416a-5a0f-4699-b9a5-f57ad1d366bc,KXBTC15M-26JAN151100-00,KXBTC15M-26JAN151100-00,no,sell,4,0.26,26,74,0.2600,0.7400,True,,2026-01-15T15:46:52.480956Z,1768492012
15bb0ea7-e64e-5f69-4d51-48a025c7bfde,15bb0ea7-e64e-5f69-4d51-48a025c7bfde,56da676e-3e4f-4401-b004-5f77f9eac1b9,KXBTC15M-26JAN151100-00,KXBTC15M-26JAN151100-00,yes,buy,2,0.6,60,40,0.6000,0.4000,True,,2026-01-15T15:46:10.163227Z,1768491970
ae964ac6-dfe7-4769-8f3d-0f9286b95726,ae964ac6-dfe7-4769-8f3d-0f9286b95726,3914a738-6e5e-42e3-86c1-3ded5ecb5cb1,KXBTC15M-26JAN151100-00,KXBTC15M-26JAN151100-00,yes,buy,2,0.63,63,37,0.6300,0.3700,True,,2026-01-15T15:46:03.685575Z,1768491963
69ac4503-9c8d-6610-e436-ad4f6efed016,69ac4503-9c8d-6610-e436-ad4f6efed016,c81e3a32-7026-48a1-9d4a-5f17af4ce8e0,KXBTC15M-26JAN151045-45,KXBTC15M-26JAN151045-45,no,buy,1,0.15,15,85,0.1500,0.8500,True,,2026-01-15T15:39:11.299518Z,1768491551
d53a7e4e-2c40-4efa-79bb-4f268dd1a151,d53a7e4e-2c40-4efa-79bb-4f268dd1a151,67733983-ae1d-421a-b965-bba0306e6855,KXBTC15M-26JAN151045-45,KXBTC15M-26JAN151045-45,no,buy,1,0.13,13,87,0.1300,0.8700,True,,2026-01-15T15:38:57.225797Z,1768491537
3f7cbc60-fbc5-4ca3-48ff-5fba68b1501a,3f7cbc60-fbc5-4ca3-48ff-5fba68b1501a,9cac364d-ba4f-423e-bd05-6496ec73904b,KXBTC15M-26JAN151045-45,KXBTC15M-26JAN151045-45,no,buy,1,0.17,17,83,0.1700,0.8300,True,,2026-01-15T15:38:50.78203Z,1768491530
b26be2be-da7a-4cf9-9f15-1035468b2033,b26be2be-da7a-4cf9-9f15-1035468b2033,de64c300-191c-4105-877e-501b7516862d,KXBTC15M-26JAN151045-45,KXBTC15M-26JAN151045-45,no,buy,1,0.23,23,77,0.2300,0.7700,True,,2026-01-15T15:38:44.262476Z,1768491524
5fe8558a-dfb2-5529-0cd9-d216e974b933,5fe8558a-dfb2-5529-0cd9-d216e974b933,25042ecd-186e-4771-a38d-60939ee9606d,KXBTC15M-26JAN151045-45,KXBTC15M-26JAN151045-45,no,buy,1,0.23,23,77,0.2300,0.7700,True,,2026-01-15T15:38:37.859358Z,1768491517
56033e4d-bb76-4811-bab2-eaae08e7bf13,56033e4d-bb76-4811-bab2-eaae08e7bf13,a77ef43c-c15f-403f-8e17-aebda68da1e5,KXBTC15M-26JAN151045-45,KXBTC15M-26JAN151045-45,no,sell,2,0.23,23,77,0.2300,0.7700,True,,2026-01-15T15:38:31.758315Z,1768491511
823abd9d-efc8-47b1-04fa-6c6fa4671435,823abd9d-efc8-47b1-04fa-6c6fa4671435,98621884-73d4-42dd-a63b-b0ec42d1f0e6,KXBTC15M-26JAN151045-45,KXBTC15M-26JAN151045-45,no,sell,3,0.2,20,80,0.2000,0.8000,True,,2026-01-15T15:38:25.750095Z,1768491505
c5f75156-fa1a-6f0f-6bed-d77dd78af760,c5f75156-fa1a-6f0f-6bed-d77dd78af760,89fd159f-7599-4a27-bd09-1840655742ab,KXBTC15M-26JAN151045-45,KXBTC15M-26JAN151045-45,yes,buy,1,0.67,67,33,0.6700,0.3300,True,,2026-01-15T15:34:08.841341Z,1768491248
58cee5c6-5f8e-431d-7491-258109d26b13,58cee5c6-5f8e-431d-7491-258109d26b13,129ff6de-d7b7-4192-b222-1ef70d7d8e46,KXBTC15M-26JAN151045-45,KXBTC15M-26JAN151045-45,yes,buy,1,0.73,73,27,0.7300,0.2700,True,,2026-01-15T15:34:02.338881Z,1768491242
8d236458-0305-5e27-c93b-925c80f7c981,8d236458-0305-5e27-c93b-925c80f7c981,2bbe1733-877b-4570-911f-fe791ce07a1b,KXBTC15M-26JAN151045-45,KXBTC15M-26JAN151045-45,yes,buy,1,0.71,71,29,0.7100,0.2900,True,,2026-01-15T15:33:55.851276Z,1768491235
e59b66c9-22cc-7baa-3762-39812068fe86,e59b66c9-22cc-7baa-3762-39812068fe86,6e7a5d11-463b-4c33-a418-48ba0d280e65,KXBTC15M-26JAN151045-45,KXBTC15M-26JAN151045-45,yes,buy,1,0.63,63,37,0.6300,0.3700,True,,2026-01-15T15:31:03.010381Z,1768491063
153b70ab-bca9-777f-03b6-50056ad82b75,153b70ab-bca9-777f-03b6-50056ad82b75,6e7a5d11-463b-4c33-a418-48ba0d280e65,KXBTC15M-26JAN151045-45,KXBTC15M-26JAN151045-45,yes,buy,1,0.63,63,37,0.6300,0.3700,True,,2026-01-15T15:31:03.010381Z,1768491063
1b0c5379-8c81-4d25-e1e9-f31b83dab30f,1b0c5379-8c81-4d25-e1e9-f31b83dab30f,4b8b9a55-de2c-4145-99e2-1cc9120438d8,KXBTC15M-26JAN151030-30,KXBTC15M-26JAN151030-30,no,buy,1,0.42,42,58,0.4200,0.5800,True,,2026-01-15T15:22:57.059507Z,1768490577
4d919fcf-88f5-7581-9164-760527d2a5bc,4d919fcf-88f5-7581-9164-760527d2a5bc,b275bbd0-a17d-4fb9-8de6-7860bb8daefd,KXBTC15M-26JAN151030-30,KXBTC15M-26JAN151030-30,no,buy,1,0.46,46,54,0.4600,0.5400,True,,2026-01-15T15:22:50.626036Z,1768490570
02083c7a-ef62-6474-b94f-e24de4c583a5,02083c7a-ef62-6474-b94f-e24de4c583a5,3c01e963-4f5a-4836-8ffe-909795b7c16f,KXBTC15M-26JAN151030-30,KXBTC15M-26JAN151030-30,no,buy,1,0.45,45,55,0.4500,0.5500,True,,2026-01-15T15:22:32.390351Z,1768490552
f4a08abe-a361-6ace-31c7-2cd86ab4cb80,f4a08abe-a361-6ace-31c7-2cd86ab4cb80,39781101-61d8-49e1-a965-a91e0e8870c0,KXBTC15M-26JAN151030-30,KXBTC15M-26JAN151030-30,no,buy,1,0.53,53,47,0.5300,0.4700,True,,2026-01-15T15:22:26.003904Z,1768490546
f7a170dc-1076-68d1-cfc5-b533ef1b8c16,f7a170dc-1076-68d1-cfc5-b533ef1b8c16,06de7f8b-3a5d-4b76-914f-85c2b163f64b,KXBTC15M-26JAN151030-30,KXBTC15M-26JAN151030-30,no,buy,1,0.51,51,49,0.5100,0.4900,True,,2026-01-15T15:21:48.108168Z,1768490508
90380e3b-1887-46b9-7ba1-dcf0978587b4,90380e3b-1887-46b9-7ba1-dcf0978587b4,9f971f2c-31c6-4002-bd27-e43fddc19384,KXBTC15M-26JAN151030-30,KXBTC15M-26JAN151030-30,no,sell,4,0.42,42,58,0.4200,0.5800,True,,2026-01-15T15:21:12.322594Z,1768490472
ea5182e2-35d2-75ac-eac6-333e66c3a6e1,ea5182e2-35d2-75ac-eac6-333e66c3a6e1,66ed28c8-d886-4dd2-9146-dd0514ba770d,KXBTC15M-26JAN151030-30,KXBTC15M-26JAN151030-30,yes,buy,1,0.75,75,25,0.7500,0.2500,True,,2026-01-15T15:20:06.402514Z,1768490406
3498b60e-db3d-6fbd-830c-400e6f8e03dd,3498b60e-db3d-6fbd-830c-400e6f8e03dd,67b68110-194e-498c-8d18-0846a2650775,KXBTC15M-26JAN151030-30,KXBTC15M-26JAN151030-30,yes,buy,1,0.79,79,21,0.7900,0.2100,True,,2026-01-15T15:19:18.365437Z,1768490358
6f0512b5-5d49-6a97-fa66-0740d7c16376,6f0512b5-5d49-6a97-fa66-0740d7c16376,dee87023-ad35-4908-99ba-bef37360df71,KXBTC15M-26JAN151030-30,KXBTC15M-26JAN151030-30,yes,buy,2,0.56,56,44,0.5600,0.4400,True,,2026-01-15T15:16:01.516145Z,1768490161
116913a7-a86a-7727-65e4-c3e25cf4d808,116913a7-a86a-7727-65e4-c3e25cf4d808,3db03ad2-8461-4fb1-b507-7f226de681eb,KXBTC15M-26JAN151015-15,KXBTC15M-26JAN151015-15,yes,buy,1,0.87,87,13,0.8700,0.1300,True,,2026-01-15T15:11:02.607258Z,1768489862
9a85cb39-3b52-4792-2c25-2d620fe84eef,9a85cb39-3b52-4792-2c25-2d620fe84eef,471b9550-f93d-4128-ae62-baa0c4ce3943,KXBTC15M-26JAN151015-15,KXBTC15M-26JAN151015-15,yes,buy,1,0.86,86,14,0.8600,0.1400,True,,2026-01-15T15:10:50.165732Z,1768489850
eca13ea0-53a8-633f-5737-571eaa085b74,eca13ea0-53a8-633f-5737-571eaa085b74,2635a1f4-920e-4a72-bcdf-a4e58649a396,KXBTC15M-26JAN151015-15,KXBTC15M-26JAN151015-15,yes,buy,1,0.92,92,8,0.9200,0.0800,True,,2026-01-15T15:10:43.729078Z,1768489843
e00f8637-da83-6e71-fb11-89daadeda41d,e00f8637-da83-6e71-fb11-89daadeda41d,f8a00429-093d-4954-926c-eb498b8956a0,KXBTC15M-26JAN151015-15,KXBTC15M-26JAN151015-15,yes,buy,1,0.9,90,10,0.9000,0.1000,True,,2026-01-15T15:10:37.263595Z,1768489837
95168a82-78f4-7c5c-2976-779eb0c055af,95168a82-78f4-7c5c-2976-779eb0c055af,30c3b9f4-e846-4c12-ab6d-7b8f439bc987,KXBTC15M-26JAN151015-15,KXBTC15M-26JAN151015-15,yes,buy,1,0.9,90,10,0.9000,0.1000,True,,2026-01-15T15:10:30.898896Z,1768489830
3f11498b-973d-6963-e467-4f4774b09e5f,3f11498b-973d-6963-e467-4f4774b09e5f,1239c983-5f01-48ec-93da-008ba968fb29,KXBTC15M-26JAN151015-15,KXBTC15M-26JAN151015-15,yes,sell,2,0.93,93,7,0.9300,0.0700,True,,2026-01-15T15:10:11.054725Z,1768489811
94342538-3960-46d0-125b-d04b0c29534e,94342538-3960-46d0-125b-d04b0c29534e,45c467d7-1aae-43e5-afdd-282955f54861,KXBTC15M-26JAN151015-15,KXBTC15M-26JAN151015-15,yes,sell,3,0.89,89,11,0.8900,0.1100,True,,2026-01-15T15:09:52.826867Z,1768489792
56c9be9b-8e8a-4da9-d012-0c08fc39e31e,56c9be9b-8e8a-4da9-d012-0c08fc39e31e,4727f9b7-f179-4159-947b-d573c6bb975b,KXBTC15M-26JAN151015-15,KXBTC15M-26JAN151015-15,no,buy,1,0.25,25,75,0.2500,0.7500,True,,2026-01-15T15:08:22.718342Z,1768489702
8cf26435-ae79-5df0-af8f-26806635f53d,8cf26435-ae79-5df0-af8f-26806635f53d,04a60e6b-1f63-45a0-8a28-e210b54ed3e8,KXBTC15M-26JAN151015-15,KXBTC15M-26JAN151015-15,no,buy,1,0.26,26,74,0.2600,0.7400,True,,2026-01-15T15:08:10.4673Z,1768489690
cfca09d1-9b3b-45fe-67f1-987c02fbc475,cfca09d1-9b3b-45fe-67f1-987c02fbc475,2a29988f-13ea-42d1-b29b-75a9d733d9c4,KXBTC15M-26JAN151015-15,KXBTC15M-26JAN151015-15,no,buy,1,0.5,50,50,0.5000,0.5000,True,,2026-01-15T15:07:40.240578Z,1768489660
c487e9e6-4de9-6ce7-9c54-a40e42d47a12,c487e9e6-4de9-6ce7-9c54-a40e42d47a12,b52e6fab-55b8-487e-861b-38da451d1dcc,KXBTC15M-26JAN151015-15,KXBTC15M-26JAN151015-15,no,buy,1,0.8,80,20,0.8000,0.2000,True,,2026-01-15T15:03:16.319171Z,1768489396
b286a499-958d-6c83-3520-125a145d47a6,b286a499-958d-6c83-3520-125a145d47a6,28ae3cf4-a3a1-4867-ac46-154f50bf52a1,KXBTC15M-26JAN151015-15,KXBTC15M-26JAN151015-15,no,buy,1,0.8,80,20,0.8000,0.2000,True,,2026-01-15T15:03:10.001318Z,1768489390
e8628747-6f7e-5e9e-d68b-198e7b9d41d4,e8628747-6f7e-5e9e-d68b-198e7b9d41d4,7386bfd0-d08c-475e-9625-2ee4ff6caec2,KXBTC15M-26JAN151000-00,KXBTC15M-26JAN151000-00,yes,buy,1,0.93,93,7,0.9300,0.0700,True,,2026-01-15T14:57:16.872876Z,1768489036
61956281-67be-5a2f-2664-a349ae67e4a4,61956281-67be-5a2f-2664-a349ae67e4a4,418a8ae1-b882-47f2-aa05-9007eb16898c,KXBTC15M-26JAN151000-00,KXBTC15M-26JAN151000-00,yes,buy,2,0.95,95,5,0.9500,0.0500,True,,2026-01-15T14:55:03.743535Z,1768488903
31b5f07f-a67d-7c05-01f1-ac1b6890ab36,31b5f07f-a67d-7c05-01f1-ac1b6890ab36,0bd642de-66bc-4e32-ae2f-774694a1a67d,KXBTC15M-26JAN151000-00,KXBTC15M-26JAN151000-00,yes,buy,1,0.93,93,7,0.9300,0.0700,True,,2026-01-15T14:54:57.295728Z,1768488897
2adbe0d0-4573-7754-19b3-0b570a0554ce,2adbe0d0-4573-7754-19b3-0b570a0554ce,41b73552-9768-4f56-a61e-9f01e7de6177,KXBTC15M-26JAN151000-00,KXBTC15M-26JAN151000-00,yes,buy,1,0.93,93,7,0.9300,0.0700,True,,2026-01-15T14:54:38.946064Z,1768488878
505d6d81-d134-49de-99a2-8c63961936ef,505d6d81-d134-49de-99a2-8c63961936ef,6129c26b-9678-429a-8a3e-ea25729b7e61,KXBTC15M-26JAN150300-00,KXBTC15M-26JAN150300-00,no,buy,2,0.04,4,96,0.0400,0.9600,True,,2026-01-15T07:58:19.987203Z,1768463899
3c8c544e-1966-48e4-4212-687610a93577,3c8c544e-1966-48e4-4212-687610a93577,ea6624ae-329c-4081-b2fe-3eedf53e4ace,KXBTC15M-26JAN150300-00,KXBTC15M-26JAN150300-00,no,buy,2,0.06,6,94,0.0600,0.9400,True,,2026-01-15T07:58:01.645037Z,1768463881
f801d5af-892c-64ce-d1ba-b7dc49b436a9,f801d5af-892c-64ce-d1ba-b7dc49b436a9,c6db7066-93b2-496c-9170-cbf3ccd7db97,KXBTC15M-26JAN150300-00,KXBTC15M-26JAN150300-00,no,buy,1,0.09,9,91,0.0900,0.9100,True,,2026-01-15T07:56:43.374732Z,1768463803
16e8b8b8-ee24-717e-ab27-54730ea7d551,16e8b8b8-ee24-717e-ab27-54730ea7d551,e1cf28bc-3ab2-4f5c-8d68-b9c4f604bef8,KXBTC15M-26JAN150245-45,KXBTC15M-26JAN150245-45,yes,sell,1,0.98,98,2,0.9800,0.0200,True,,2026-01-15T07:40:19.779191Z,1768462819
78a0b817-c0c2-6f4f-b968-6588bd741119,78a0b817-c0c2-6f4f-b968-6588bd741119,05ffc36b-7622-488f-899e-ddf785fbead1,KXBTC15M-26JAN150245-45,KXBTC15M-26JAN150245-45,no,buy,1,0.7,70,30,0.7000,0.3000,True,,2026-01-15T07:37:55.252156Z,1768462675
2dad3eca-7daf-4745-0594-cbd0b6dfcda6,2dad3eca-7daf-4745-0594-cbd0b6dfcda6,340a4d3e-f2f1-41c9-a904-237ae0e6bbc8,KXBTC15M-26JAN150230-30,KXBTC15M-26JAN150230-30,no,buy,1,0.93,93,7,0.9300,0.0700,True,,2026-01-15T07:22:42.347879Z,1768461762
6f112803-c3f6-7109-6517-fe3f7ef5a2d4,6f112803-c3f6-7109-6517-fe3f7ef5a2d4,abdac45c-ac1d-4ce0-bc15-6c79ffd7c0e3,KXBTC15M-26JAN150230-30,KXBTC15M-26JAN150230-30,no,buy,1,0.9,90,10,0.9000,0.1000,True,,2026-01-15T07:21:31.84376Z,1768461691
32e579c1-7974-77d1-767a-726c213c3a6f,32e579c1-7974-77d1-767a-726c213c3a6f,af5e0c99-06cd-4ca2-bfe4-163d3497e4de,KXBTC15M-26JAN150230-30,KXBTC15M-26JAN150230-30,no,buy,1,0.89,89,11,0.8900,0.1100,True,,2026-01-15T07:21:22.999499Z,1768461682
7ad53579-b3c0-5136-4585-a92dfdfb7e73,7ad53579-b3c0-5136-4585-a92dfdfb7e73,19f3c72b-a42e-44af-b573-acdc9b752170,KXBTC15M-26JAN150230-30,KXBTC15M-26JAN150230-30,no,buy,1,0.83,83,17,0.8300,0.1700,True,,2026-01-15T07:19:37.095202Z,1768461577
bdcc99e4-b766-54fa-ca23-0b4831039f8d,bdcc99e4-b766-54fa-ca23-0b4831039f8d,98876ba6-99b1-450a-9101-8cb5864529dd,KXBTC15M-26JAN150230-30,KXBTC15M-26JAN150230-30,no,buy,1,0.75,75,25,0.7500,0.2500,True,,2026-01-15T07:17:09.949952Z,1768461429
d98fa834-0c28-7ed1-a5b9-f69260ac2752,d98fa834-0c28-7ed1-a5b9-f69260ac2752,3e557e08-27b3-4d14-8710-3d9300b8800a,KXBTC15M-26JAN150215-15,KXBTC15M-26JAN150215-15,no,buy,2,0.12,12,88,0.1200,0.8800,True,,2026-01-15T07:13:16.015873Z,1768461196
829ea024-2bac-43cb-2ef6-8a3d7a5c3fb2,829ea024-2bac-43cb-2ef6-8a3d7a5c3fb2,00b15c56-e5aa-4281-adec-d4a538cc7d47,KXBTC15M-26JAN150215-15,KXBTC15M-26JAN150215-15,no,buy,2,0.18,18,82,0.1800,0.8200,True,,2026-01-15T07:13:08.935951Z,1768461188
fed6c3a8-8243-7f22-ef96-00c4f3d14b6c,fed6c3a8-8243-7f22-ef96-00c4f3d14b6c,a8f28cab-e83e-4d24-9185-3a88d628adf6,KXBTC15M-26JAN150200-00,KXBTC15M-26JAN150200-00,yes,sell,3,0.94,94,6,0.9400,0.0600,True,,2026-01-15T06:57:03.176378Z,1768460223
8d85ee8f-5307-7562-3888-607a7aac12e8,8d85ee8f-5307-7562-3888-607a7aac12e8,0b9201d4-2850-4cdc-aa10-c7660d00102a,KXBTC15M-26JAN150200-00,KXBTC15M-26JAN150200-00,no,buy,1,0.91,91,9,0.9100,0.0900,True,,2026-01-15T06:56:50.851682Z,1768460210
86521acb-9ac8-467f-b4d5-91a183094681,86521acb-9ac8-467f-b4d5-91a183094681,ee038edd-c9a1-4064-879c-fbacae23f958,KXBTC15M-26JAN150200-00,KXBTC15M-26JAN150200-00,no,buy,1,0.86,86,14,0.8600,0.1400,True,,2026-01-15T06:56:36.758838Z,1768460196
ed5652a0-b027-750f-9ede-68e7adb05f24,ed5652a0-b027-750f-9ede-68e7adb05f24,402b5c15-87fb-4f8c-8a02-2407e1fc5b29,KXBTC15M-26JAN150200-00,KXBTC15M-26JAN150200-00,no,buy,1,0.91,91,9,0.9100,0.0900,True,,2026-01-15T06:56:22.848426Z,1768460182
6ab9d66e-f79b-7f0f-18d5-8a18103a2d20,6ab9d66e-f79b-7f0f-18d5-8a18103a2d20,e1d0bd26-1614-4d0c-ab80-dcb80e9ec7a8,KXBTC15M-26JAN150200-00,KXBTC15M-26JAN150200-00,no,buy,1,0.91,91,9,0.9100,0.0900,True,,2026-01-15T06:56:16.40172Z,1768460176
76c1f675-2613-5125-bfab-b641639e643c,76c1f675-2613-5125-bfab-b641639e643c,e583fda9-a0f7-4411-8bcf-4bf4fcc1835c,KXBTC15M-26JAN150200-00,KXBTC15M-26JAN150200-00,no,buy,1,0.92,92,8,0.9200,0.0800,True,,2026-01-15T06:55:56.369715Z,1768460156
135847c3-ad78-74f0-1b54-ad8ec113cbc0,135847c3-ad78-74f0-1b54-ad8ec113cbc0,fc8769b1-042a-4f1f-a738-05f6f6799ed7,KXBTC15M-26JAN150145-45,KXBTC15M-26JAN150145-45,yes,buy,1,0.13,13,87,0.1300,0.8700,True,,2026-01-15T06:34:26.047707Z,1768458866
c1db16a7-bd51-6842-a440-64fa0b693477,c1db16a7-bd51-6842-a440-64fa0b693477,c985ae60-6272-4a3d-83aa-b8abc05614e4,KXBTC15M-26JAN150145-45,KXBTC15M-26JAN150145-45,yes,buy,1,0.17,17,83,0.1700,0.8300,True,,2026-01-15T06:33:55.891832Z,1768458835
dfe1f872-1c29-7c4d-21bd-38e50c2f0db6,dfe1f872-1c29-7c4d-21bd-38e50c2f0db6,96a431a0-8c24-4fec-a81e-c26d9a8db2bd,KXBTC15M-26JAN150145-45,KXBTC15M-26JAN150145-45,yes,buy,1,0.16,16,84,0.1600,0.8400,True,,2026-01-15T06:33:49.41646Z,1768458829
e7822d01-cdb7-7bdd-801e-77e3a56d841f,e7822d01-cdb7-7bdd-801e-77e3a56d841f,5fafdd72-59ae-4cc1-8e12-f9efb60b7548,KXBTC15M-26JAN150130-30,KXBTC15M-26JAN150130-30,yes,buy,1,0.91,91,9,0.9100,0.0900,True,,2026-01-15T06:27:08.491956Z,1768458428
e193d781-afab-6f3d-f6a6-8f4690896b34,e193d781-afab-6f3d-f6a6-8f4690896b34,f9ceaf1f-16dd-4949-9c49-08d459286c0b,KXBTC15M-26JAN150130-30,KXBTC15M-26JAN150130-30,yes,buy,1,0.9,90,10,0.9000,0.1000,True,,2026-01-15T06:27:02.119344Z,1768458422
5abb6a66-a02f-75da-8474-00830a1d4dfa,5abb6a66-a02f-75da-8474-00830a1d4dfa,d3de7ea4-a12d-4c72-8e8d-683f642789ee,KXBTC15M-26JAN150100-00,KXBTC15M-26JAN150100-00,no,buy,1,0.51,51,49,0.5100,0.4900,True,,2026-01-15T05:46:59.435643Z,1768456019
9ca18dc7-9637-6405-1656-7fa62c378e23,9ca18dc7-9637-6405-1656-7fa62c378e23,7142b8f2-53f2-49ed-a49e-81cf71fe2e16,KXBTC15M-26JAN150045-45,KXBTC15M-26JAN150045-45,yes,sell,4,0.94,94,6,0.9400,0.0600,True,,2026-01-15T05:42:08.948965Z,1768455728
9b1a1438-6e54-6cb5-12e9-df3dc2c6c9ad,9b1a1438-6e54-6cb5-12e9-df3dc2c6c9ad,7142b8f2-53f2-49ed-a49e-81cf71fe2e16,KXBTC15M-26JAN150045-45,KXBTC15M-26JAN150045-45,yes,sell,1,0.94,94,6,0.9400,0.0600,True,,2026-01-15T05:42:08.948965Z,1768455728
088be3dd-3417-5a84-a5e2-fe7eb940c4b3,088be3dd-3417-5a84-a5e2-fe7eb940c4b3,c9c1cfee-6cb1-45e7-8c8e-99cc16db9317,KXBTC15M-26JAN150045-45,KXBTC15M-26JAN150045-45,no,buy,1,0.88,88,12,0.8800,0.1200,True,,2026-01-15T05:40:49.579491Z,1768455649
6ca26a53-7c4f-4ec7-c4e8-bbd2efe8ee72,6ca26a53-7c4f-4ec7-c4e8-bbd2efe8ee72,8b371f2b-9731-437d-9980-a9620a618317,KXBTC15M-26JAN150045-45,KXBTC15M-26JAN150045-45,no,buy,1,0.84,84,16,0.8400,0.1600,True,,2026-01-15T05:40:00.632317Z,1768455600
26cc2418-cd5d-748e-11fc-b3a2f9081eac,26cc2418-cd5d-748e-11fc-b3a2f9081eac,efc2f4fd-2648-4e32-a5ca-9bc8b93c8740,KXBTC15M-26JAN150045-45,KXBTC15M-26JAN150045-45,no,buy,1,0.85,85,15,0.8500,0.1500,True,,2026-01-15T05:39:54.098347Z,1768455594
e05e851f-8f32-7fd2-8703-27e89eda73a2,e05e851f-8f32-7fd2-8703-27e89eda73a2,8c225cd2-1567-4ee4-8bab-c28a96fe9e35,KXBTC15M-26JAN150045-45,KXBTC15M-26JAN150045-45,no,buy,1,0.85,85,15,0.8500,0.1500,True,,2026-01-15T05:38:46.886129Z,1768455526
c5c71947-5b2e-7040-9ec7-954bb28a75e9,c5c71947-5b2e-7040-9ec7-954bb28a75e9,0cf4e5b0-e3b4-4c69-8b51-2ae9605774fe,KXBTC15M-26JAN150045-45,KXBTC15M-26JAN150045-45,no,buy,1,0.31,31,69,0.3100,0.6900,True,,2026-01-15T05:35:08.215616Z,1768455308
0c44059a-5324-6098-6fa6-c6d46204665c,0c44059a-5324-6098-6fa6-c6d46204665c,a4d7da09-4819-4b2a-bd83-75769be9f793,KXBTC15M-26JAN150030-30,KXBTC15M-26JAN150030-30,no,buy,1,0.23,23,77,0.2300,0.7700,True,,2026-01-15T05:27:11.05089Z,1768454831
f0e4d2ab-5b3d-703e-2ce0-c5fc2093d103,f0e4d2ab-5b3d-703e-2ce0-c5fc2093d103,03a4bc3c-b7b9-4f2f-ac91-a5a71dde6609,KXBTC15M-26JAN150030-30,KXBTC15M-26JAN150030-30,no,buy,1,0.24,24,76,0.2400,0.7600,True,,2026-01-15T05:27:04.511349Z,1768454824
7f036d78-ba16-43f3-b890-e4a71d76057c,7f036d78-ba16-43f3-b890-e4a71d76057c,d909798d-fa99-42bb-8621-24145f4dc91b,KXBTC15M-26JAN150030-30,KXBTC15M-26JAN150030-30,no,buy,1,0.27,27,73,0.2700,0.7300,True,,2026-01-15T05:26:58.053346Z,1768454818
863bb076-2a1c-4645-dacd-1444f256e61d,863bb076-2a1c-4645-dacd-1444f256e61d,e24c563f-5e6c-4327-9478-6858882a3e5f,KXBTC15M-26JAN150030-30,KXBTC15M-26JAN150030-30,no,buy,1,0.27,27,73,0.2700,0.7300,True,,2026-01-15T05:26:51.62023Z,1768454811
02522ee0-8d2b-6e6c-212a-295404708366,02522ee0-8d2b-6e6c-212a-295404708366,c1dbd104-82c8-49bd-a5e9-b743bb1c1619,KXBTC15M-26JAN150030-30,KXBTC15M-26JAN150030-30,no,buy,1,0.27,27,73,0.2700,0.7300,True,,2026-01-15T05:26:45.159939Z,1768454805
a354078d-7549-4335-bb53-bbcc7b40ac17,a354078d-7549-4335-bb53-bbcc7b40ac17,df9b431c-231c-4338-8262-0c73494ad0e6,KXBTC15M-26JAN150015-15,KXBTC15M-26JAN150015-15,yes,buy,1,0.76,76,24,0.7600,0.2400,True,,2026-01-15T05:01:08.134258Z,1768453268
32771fe0-c35f-48d0-b04a-640b43cf3fc1,32771fe0-c35f-48d0-b04a-640b43cf3fc1,df9b431c-231c-4338-8262-0c73494ad0e6,KXBTC15M-26JAN150015-15,KXBTC15M-26JAN150015-15,yes,buy,1,0.76,76,24,0.7600,0.2400,True,,2026-01-15T05:01:08.134258Z,1768453268
74e39ed4-cbb5-690d-c833-bb1594e127df,74e39ed4-cbb5-690d-c833-bb1594e127df,14150e68-2a05-4a99-9178-ad2ebecd3917,KXBTC15M-26JAN150000-00,KXBTC15M-26JAN150000-00,no,buy,1,0.08,8,92,0.0800,0.9200,True,,2026-01-15T04:56:30.576641Z,1768452990
364f6932-703c-461c-d085-99dfc1e0e000,364f6932-703c-461c-d085-99dfc1e0e000,c0841d95-c904-4255-96e7-efc8fd6960d9,KXBTC15M-26JAN142345-45,KXBTC15M-26JAN142345-45,yes,buy,1,0.57,57,43,0.5700,0.4300,True,,2026-01-15T04:42:40.919513Z,1768452160
5b0b3cbb-923c-64b0-f8fd-56584d8c7df0,5b0b3cbb-923c-64b0-f8fd-56584d8c7df0,5bd508f7-b184-4afe-9cf9-dc291e7247a5,KXBTC15M-26JAN142345-45,KXBTC15M-26JAN142345-45,yes,buy,1,0.57,57,43,0.5700,0.4300,True,,2026-01-15T04:42:34.413794Z,1768452154
1036db6f-5ea5-5f7b-ac41-ad6f1f5e1b17,1036db6f-5ea5-5f7b-ac41-ad6f1f5e1b17,27c6848b-d373-4621-8843-ad97b50d0e44,KXBTC15M-26JAN142345-45,KXBTC15M-26JAN142345-45,yes,buy,1,0.64,64,36,0.6400,0.3600,True,,2026-01-15T04:42:09.62334Z,1768452129
029d92e7-ce0d-7703-c701-3d248dd6030f,029d92e7-ce0d-7703-c701-3d248dd6030f,236c56e9-f759-4c3f-9293-898551af0842,KXBTC15M-26JAN142345-45,KXBTC15M-26JAN142345-45,yes,buy,1,0.64,64,36,0.6400,0.3600,True,,2026-01-15T04:42:03.185756Z,1768452123
9e19b775-da7f-737f-210a-f42736870609,9e19b775-da7f-737f-210a-f42736870609,8be94c54-4450-4e00-a143-efd3c446920e,KXBTC15M-26JAN142345-45,KXBTC15M-26JAN142345-45,yes,buy,1,0.58,58,42,0.5800,0.4200,True,,2026-01-15T04:41:56.645682Z,1768452116
80d04173-b31e-4fa6-708e-73aa5ba8f851,80d04173-b31e-4fa6-708e-73aa5ba8f851,69524842-94ca-4136-b535-ef4d80ee1d98,KXBTC15M-26JAN142315-15,KXBTC15M-26JAN142315-15,yes,buy,2,0.96,96,4,0.9600,0.0400,True,,2026-01-15T04:13:03.198504Z,1768450383
7d7aec20-4393-7879-c767-eaf1b3b138ee,7d7aec20-4393-7879-c767-eaf1b3b138ee,c116a6cc-e3b8-4ca7-9cda-763607686120,KXBTC15M-26JAN142300-00,KXBTC15M-26JAN142300-00,yes,buy,2,0.86,86,14,0.8600,0.1400,True,,2026-01-15T03:58:16.394153Z,1768449496
f75bfc7c-d248-525c-9b61-057540ac5a25,f75bfc7c-d248-525c-9b61-057540ac5a25,0461f107-e481-47ea-817e-26689910a8e1,KXBTC15M-26JAN142300-00,KXBTC15M-26JAN142300-00,yes,buy,2,0.8,80,20,0.8000,0.2000,True,,2026-01-15T03:58:09.61058Z,1768449489
767e196f-9226-5617-46c1-3975a445db53,767e196f-9226-5617-46c1-3975a445db53,c0979c99-8f79-444f-b7b5-07b547125efd,KXBTC15M-26JAN142300-00,KXBTC15M-26JAN142300-00,yes,sell,2,0.68,68,32,0.6800,0.3200,True,,2026-01-15T03:58:03.301093Z,1768449483
3c950c15-5c40-4d26-218c-aaf442a68efc,3c950c15-5c40-4d26-218c-aaf442a68efc,bd046c50-4fcc-41d5-a2fa-151fded8a97f,KXBTC15M-26JAN142300-00,KXBTC15M-26JAN142300-00,no,buy,1,0.46,46,54,0.4600,0.5400,True,,2026-01-15T03:57:20.064697Z,1768449440
eabe17d9-8d86-44d1-dadb-e3300751d1ef,eabe17d9-8d86-44d1-dadb-e3300751d1ef,f0ba7e31-ebb3-41f6-9922-fb1c4940b3db,KXBTC15M-26JAN142300-00,KXBTC15M-26JAN142300-00,no,buy,1,0.39,39,61,0.3900,0.6100,True,,2026-01-15T03:57:13.521989Z,1768449433
91ebbcdb-d85c-53eb-ad11-0e5c98538bbd,91ebbcdb-d85c-53eb-ad11-0e5c98538bbd,01ca1b90-7475-45ce-8477-60534bbc61e3,KXBTC15M-26JAN142245-45,KXBTC15M-26JAN142245-45,no,buy,1,0.08,8,92,0.0800,0.9200,True,,2026-01-15T03:41:16.333626Z,1768448476
0ad471cd-1ced-644c-7ff9-89c19a73b0c2,0ad471cd-1ced-644c-7ff9-89c19a73b0c2,7dbf701b-e43e-49cc-bd01-e44bf91c5f94,KXBTC15M-26JAN142245-45,KXBTC15M-26JAN142245-45,no,buy,1,0.73,73,27,0.7300,0.2700,True,,2026-01-15T03:36:39.971313Z,1768448199
7a9eb236-8223-47e4-4ecc-3b5320c34b35,7a9eb236-8223-47e4-4ecc-3b5320c34b35,996d16ec-bb38-4290-bd10-e2888f6caea7,KXBTC15M-26JAN142245-45,KXBTC15M-26JAN142245-45,no,buy,1,0.76,76,24,0.7600,0.2400,True,,2026-01-15T03:36:33.43891Z,1768448193
21faa62b-a565-4d3f-e067-10410ff643b6,21faa62b-a565-4d3f-e067-10410ff643b6,c693d2ce-49e9-408a-980f-de00142b6565,KXBTC15M-26JAN142245-45,KXBTC15M-26JAN142245-45,no,buy,1,0.77,77,23,0.7700,0.2300,True,,2026-01-15T03:36:20.769763Z,1768448180
f94f63a1-0ceb-777e-64d4-0a8d24a2b00f,f94f63a1-0ceb-777e-64d4-0a8d24a2b00f,5d267370-b29c-4dba-b854-e7efd579cf7d,KXBTC15M-26JAN142245-45,KXBTC15M-26JAN142245-45,no,buy,1,0.73,73,27,0.7300,0.2700,True,,2026-01-15T03:35:54.428088Z,1768448154
808c5da3-f708-7571-2463-133f627f1eb5,808c5da3-f708-7571-2463-133f627f1eb5,82b9d367-320f-4e08-a5ae-0c53e6a7c9d5,KXBTC15M-26JAN142230-30,KXBTC15M-26JAN142230-30,yes,buy,1,0.08,8,92,0.0800,0.9200,True,,2026-01-15T03:25:01.976771Z,1768447501
2807ca70-b382-6b32-85e9-209b7cb9811b,2807ca70-b382-6b32-85e9-209b7cb9811b,4a226f35-1c96-4bce-8ec0-b47dd7aa09e7,KXBTC15M-26JAN142230-30,KXBTC15M-26JAN142230-30,yes,buy,1,0.09,9,91,0.0900,0.9100,True,,2026-01-15T03:24:37.10464Z,1768447477
15d4e9a6-fb21-41f4-8f10-a43c3dfabef4,15d4e9a6-fb21-41f4-8f10-a43c3dfabef4,d8f782e3-77dc-433c-8c07-2c2e16d6a320,KXBTC15M-26JAN142230-30,KXBTC15M-26JAN142230-30,yes,buy,1,0.08,8,92,0.0800,0.9200,True,,2026-01-15T03:24:30.535085Z,1768447470
67b11193-e380-7c6b-4221-9a133dd9a882,67b11193-e380-7c6b-4221-9a133dd9a882,fb569790-c459-4dda-b093-ffefde7ed72c,KXBTC15M-26JAN142215-15,KXBTC15M-26JAN142215-15,yes,buy,1,0.82,82,18,0.8200,0.1800,True,,2026-01-15T03:14:21.132524Z,1768446861
51953d50-f6ea-4933-ed9b-92def71e857e,51953d50-f6ea-4933-ed9b-92def71e857e,6a773c98-aa71-41c5-99b3-caef647aa112,KXBTC15M-26JAN142215-15,KXBTC15M-26JAN142215-15,yes,buy,1,0.59,59,41,0.5900,0.4100,True,,2026-01-15T03:14:14.577647Z,1768446854
76cf18e4-debc-6aea-07b1-2647f849dc86,76cf18e4-debc-6aea-07b1-2647f849dc86,6777a156-9f6e-4912-abba-ec8542284f31,KXBTC15M-26JAN142215-15,KXBTC15M-26JAN142215-15,yes,buy,1,0.57,57,43,0.5700,0.4300,True,,2026-01-15T03:12:48.926186Z,1768446768
f898d165-3ac6-5b18-6094-9b93fd8369de,f898d165-3ac6-5b18-6094-9b93fd8369de,b9d56a30-29d0-4545-bd07-56b497a2a7e3,KXBTC15M-26JAN142215-15,KXBTC15M-26JAN142215-15,yes,buy,1,0.5,50,50,0.5000,0.5000,True,,2026-01-15T03:12:42.331273Z,1768446762
721a1f32-af42-628d-0002-9fdbabd94d02,721a1f32-af42-628d-0002-9fdbabd94d02,d765850e-e088-4b0d-ade2-8a898c5d12d2,KXBTC15M-26JAN142215-15,KXBTC15M-26JAN142215-15,yes,sell,4,0.5,50,50,0.5000,0.5000,True,,2026-01-15T03:12:42.190409Z,1768446762
425b6d9e-1fa6-6238-2303-eb67927dbd1a,425b6d9e-1fa6-6238-2303-eb67927dbd1a,d765850e-e088-4b0d-ade2-8a898c5d12d2,KXBTC15M-26JAN142215-15,KXBTC15M-26JAN142215-15,yes,sell,1,0.5,50,50,0.5000,0.5000,True,,2026-01-15T03:12:42.190409Z,1768446762
6cfcf17b-cd36-4b71-7c8d-6da0daeffa51,6cfcf17b-cd36-4b71-7c8d-6da0daeffa51,7d0c9fac-79fe-4065-b1d8-8a20654542e3,KXBTC15M-26JAN142215-15,KXBTC15M-26JAN142215-15,no,buy,1,0.12,12,88,0.1200,0.8800,True,,2026-01-15T03:10:14.638674Z,1768446614
df136df8-aaa7-45d8-60d5-60430ea51aef,df136df8-aaa7-45d8-60d5-60430ea51aef,14d973c3-b1dd-42d0-b279-c384612706d4,KXBTC15M-26JAN142215-15,KXBTC15M-26JAN142215-15,no,buy,1,0.11,11,89,0.1100,0.8900,True,,2026-01-15T03:09:41.941294Z,1768446581
d7c91443-f050-7139-5a7d-751ee73709bd,d7c91443-f050-7139-5a7d-751ee73709bd,9b57a3ae-94ac-4e6b-b569-fa1cc2b262ef,KXBTC15M-26JAN142215-15,KXBTC15M-26JAN142215-15,no,buy,1,0.11,11,89,0.1100,0.8900,True,,2026-01-15T03:09:35.483421Z,1768446575
e161353b-149f-7862-8ab0-1d61ccd729eb,e161353b-149f-7862-8ab0-1d61ccd729eb,a1fa4ea3-6511-4dad-8e44-aa11bb07954f,KXBTC15M-26JAN142215-15,KXBTC15M-26JAN142215-15,no,buy,1,0.1,10,90,0.1000,0.9000,True,,2026-01-15T03:09:22.888177Z,1768446562
c0f4904b-5627-77a1-d47e-313aaa17f0b2,c0f4904b-5627-77a1-d47e-313aaa17f0b2,078e8d00-69dc-4eca-9429-985e6e884e95,KXBTC15M-26JAN142215-15,KXBTC15M-26JAN142215-15,no,buy,1,0.12,12,88,0.1200,0.8800,True,,2026-01-15T03:09:08.375085Z,1768446548
4f162df0-0247-68ca-8c55-9d9aa6b24054,4f162df0-0247-68ca-8c55-9d9aa6b24054,3b0338a4-007c-49c9-806c-c763f511c944,KXBTC15M-26JAN142200-00,KXBTC15M-26JAN142200-00,no,buy,1,0.07,7,93,0.0700,0.9300,True,,2026-01-15T02:58:36.285073Z,1768445916
a391ab60-0aa3-5e62-2396-2d51ba3ca9fb,a391ab60-0aa3-5e62-2396-2d51ba3ca9fb,71d6535c-cee4-476d-a438-b804227d9bcc,KXBTC15M-26JAN142200-00,KXBTC15M-26JAN142200-00,no,buy,1,0.07,7,93,0.0700,0.9300,True,,2026-01-15T02:58:29.833296Z,1768445909
0af1ce6b-3745-6201-6261-b542bd0b1f0f,0af1ce6b-3745-6201-6261-b542bd0b1f0f,3319791f-cac8-4b40-b877-2522533ab8c3,KXBTC15M-26JAN142200-00,KXBTC15M-26JAN142200-00,no,buy,2,0.1,10,90,0.1000,0.9000,True,,2026-01-15T02:58:07.712345Z,1768445887
cdb256f4-2354-746d-0b54-49ee25401470,cdb256f4-2354-746d-0b54-49ee25401470,42f7c97f-a77e-4e61-a436-aaa57119cd7d,KXBTC15M-26JAN142200-00,KXBTC15M-26JAN142200-00,no,buy,1,0.07,7,93,0.0700,0.9300,True,,2026-01-15T02:57:19.047042Z,1768445839
875ad4d1-7acf-64a3-e966-6dc8983bd994,875ad4d1-7acf-64a3-e966-6dc8983bd994,691d5add-605d-4ba1-93a3-7ceaad83c222,KXBTC15M-26JAN142130-30,KXBTC15M-26JAN142130-30,no,buy,1,0.9,90,10,0.9000,0.1000,True,,2026-01-15T02:20:18.487239Z,1768443618
46ed4945-37bb-65bf-2210-ab439cc4d20c,46ed4945-37bb-65bf-2210-ab439cc4d20c,5970bdb8-7300-4be6-a17e-cd486cbc00c4,KXBTC15M-26JAN142130-30,KXBTC15M-26JAN142130-30,no,buy,1,0.9,90,10,0.9000,0.1000,True,,2026-01-15T02:20:12.044173Z,1768443612
4b810370-0fa2-77f2-ad35-a1bfc042e880,4b810370-0fa2-77f2-ad35-a1bfc042e880,55fb6ff1-6151-4dce-84e7-48cdf205ff10,KXBTC15M-26JAN142130-30,KXBTC15M-26JAN142130-30,no,buy,1,0.91,91,9,0.9100,0.0900,True,,2026-01-15T02:19:59.388667Z,1768443599
80fbfcf8-bd7e-685f-6a24-9a43a121a655,80fbfcf8-bd7e-685f-6a24-9a43a121a655,f649f277-f3a0-480c-bebe-0b9dac3a7f3c,KXBTC15M-26JAN142130-30,KXBTC15M-26JAN142130-30,no,buy,1,0.9,90,10,0.9000,0.1000,True,,2026-01-15T02:19:02.285879Z,1768443542
b1ec38f0-d6b7-6b44-fbb1-ee6200720b4d,b1ec38f0-d6b7-6b44-fbb1-ee6200720b4d,66deda94-3162-48b2-9cef-8d137810e0c4,KXBTC15M-26JAN142130-30,KXBTC15M-26JAN142130-30,no,buy,1,0.88,88,12,0.8800,0.1200,True,,2026-01-15T02:18:43.765471Z,1768443523
93ba004a-684b-6eff-192e-88e3e77ada0b,93ba004a-684b-6eff-192e-88e3e77ada0b,ee454313-b260-4a00-afd6-19ad7f76fda0,KXBTC15M-26JAN142115-15,KXBTC15M-26JAN142115-15,yes,buy,1,0.55,55,45,0.5500,0.4500,True,,2026-01-15T02:12:36.809534Z,1768443156
607dfcc3-b727-6bb4-ef5c-31d02ed284da,607dfcc3-b727-6bb4-ef5c-31d02ed284da,1d2d2797-b8de-4880-92ee-5304d30f5048,KXBTC15M-26JAN142115-15,KXBTC15M-26JAN142115-15,yes,buy,1,0.72,72,28,0.7200,0.2800,True,,2026-01-15T02:12:24.292449Z,1768443144
9f4a0c5f-b43a-6f63-89d2-9009fe6200e6,9f4a0c5f-b43a-6f63-89d2-9009fe6200e6,66236cac-1aac-4838-8e18-ce0f52478780,KXBTC15M-26JAN142115-15,KXBTC15M-26JAN142115-15,yes,sell,1,0.71,71,29,0.7100,0.2900,True,,2026-01-15T02:12:18.032384Z,1768443138
e9a42acf-d773-45f2-9dd4-d5037fb41243,e9a42acf-d773-45f2-9dd4-d5037fb41243,8016bd7b-f426-411b-8bab-73259036fea9,KXBTC15M-26JAN142115-15,KXBTC15M-26JAN142115-15,no,buy,1,0.56,56,44,0.5600,0.4400,True,,2026-01-15T02:12:05.144953Z,1768443125
2043451f-e8ee-5c75-b551-885408bbb4a7,2043451f-e8ee-5c75-b551-885408bbb4a7,0fff91ac-95c3-4601-81d0-8df47ff824f2,KXBTC15M-26JAN142100-00,KXBTC15M-26JAN142100-00,yes,buy,1,0.65,65,35,0.6500,0.3500,True,,2026-01-15T01:52:42.281535Z,1768441962
c4d7c36f-3cf0-707f-ac1f-0ccdefb7fef8,c4d7c36f-3cf0-707f-ac1f-0ccdefb7fef8,95e6e0d2-b362-4e2a-86c4-613c0fb7b3a1,KXBTC15M-26JAN142100-00,KXBTC15M-26JAN142100-00,yes,sell,2,0.66,66,34,0.6600,0.3400,True,,2026-01-15T01:52:36.11182Z,1768441956
55ae9b2f-d404-41fa-7d0a-2b965e8e4453,55ae9b2f-d404-41fa-7d0a-2b965e8e4453,6b34a4a6-fafb-419e-b7cb-77d9199f73cb,KXBTC15M-26JAN142100-00,KXBTC15M-26JAN142100-00,no,buy,1,0.27,27,73,0.2700,0.7300,True,,2026-01-15T01:50:34.173551Z,1768441834
9d229893-e094-466b-20bc-3b3d762f1db3,9d229893-e094-466b-20bc-3b3d762f1db3,72c4013e-758a-415b-a549-79c7a3a6e5f7,KXBTC15M-26JAN142100-00,KXBTC15M-26JAN142100-00,no,buy,1,0.36,36,64,0.3600,0.6400,True,,2026-01-15T01:48:32.02821Z,1768441712
7c592892-4a96-7755-b018-8b2bfd163997,7c592892-4a96-7755-b018-8b2bfd163997,3db7ab37-6f19-4e5e-8074-6b097a958301,KXBTC15M-26JAN142045-45,KXBTC15M-26JAN142045-45,no,buy,1,0.07,7,93,0.0700,0.9300,True,,2026-01-15T01:42:36.936662Z,1768441356
07548913-df1c-533a-5dd6-4f00d6487649,07548913-df1c-533a-5dd6-4f00d6487649,96df2a19-5629-450e-bb60-b18e3523484f,KXBTC15M-26JAN142045-45,KXBTC15M-26JAN142045-45,no,buy,1,0.06,6,94,0.0600,0.9400,True,,2026-01-15T01:42:30.380042Z,1768441350
ed8cba02-71b0-756d-e8b8-36ca8d56c10d,ed8cba02-71b0-756d-e8b8-36ca8d56c10d,e0f25f27-0d8d-4c25-9f4c-6ab60845e12a,KXBTC15M-26JAN142045-45,KXBTC15M-26JAN142045-45,no,buy,1,0.1,10,90,0.1000,0.9000,True,,2026-01-15T01:42:23.870184Z,1768441343
07d25460-0f7d-482a-50e3-8cd12978b6ee,07d25460-0f7d-482a-50e3-8cd12978b6ee,e2a4d322-7ac8-4212-bc6f-9040cb5c02e3,KXBTC15M-26JAN142045-45,KXBTC15M-26JAN142045-45,no,buy,1,0.09,9,91,0.0900,0.9100,True,,2026-01-15T01:42:03.251153Z,1768441323
c2c13f30-eee6-4ecc-1b17-bb2fb35a7660,c2c13f30-eee6-4ecc-1b17-bb2fb35a7660,561b2fc6-d272-415f-a440-9c1f123fba4b,KXBTC15M-26JAN142015-15,KXBTC15M-26JAN142015-15,no,buy,1,0.96,96,4,0.9600,0.0400,True,,2026-01-15T01:08:56.26537Z,1768439336
