market_key,market_title,market_slug,outcome,entry_ts,exit_ts,hold_time_seconds,entry_price,exit_price,size,pnl_per_contract,pnl_total,captured_cents,entry_time_to_expiry_seconds
0x78afd3468f826abf30e4f4a03f6590504046876698cc459aaad5e862abf7b760,"Bitcoin Up or Down - January 12, 4:00PM-4:15PM ET",btc-updown-15m-1768251600,Down,1768252077.000,1768252127.000,50.000,0.800000,0.790000,1.130000,-0.010000,-0.011300,-1.0000,
0x78afd3468f826abf30e4f4a03f6590504046876698cc459aaad5e862abf7b760,"Bitcoin Up or Down - January 12, 4:00PM-4:15PM ET",btc-updown-15m-1768251600,Down,1768252077.000,1768252127.000,50.000,0.800000,0.790000,3.870000,-0.010000,-0.038700,-1.0000,
0x78afd3468f826abf30e4f4a03f6590504046876698cc459aaad5e862abf7b760,"Bitcoin Up or Down - January 12, 4:00PM-4:15PM ET",btc-updown-15m-1768251600,Down,1768252099.000,1768252141.000,42.000,0.810000,0.800000,5.000000,-0.010000,-0.050000,-1.0000,
0x78afd3468f826abf30e4f4a03f6590504046876698cc459aaad5e862abf7b760,"Bitcoin Up or Down - January 12, 4:00PM-4:15PM ET",btc-updown-15m-1768251600,Up,1768252113.000,1768252121.000,8.000,0.200000,0.210000,5.000000,0.010000,0.050000,1.0000,
0x78afd3468f826abf30e4f4a03f6590504046876698cc459aaad5e862abf7b760,"Bitcoin Up or Down - January 12, 4:00PM-4:15PM ET",btc-updown-15m-1768251600,Up,1768252113.000,1768252121.000,8.000,0.210000,0.210000,5.000000,0.000000,0.000000,0.0000,
0x78afd3468f826abf30e4f4a03f6590504046876698cc459aaad5e862abf7b760,"Bitcoin Up or Down - January 12, 4:00PM-4:15PM ET",btc-updown-15m-1768251600,Up,1768252117.000,1768252121.000,4.000,0.200000,0.210000,5.000000,0.010000,0.050000,1.0000,
0x78afd3468f826abf30e4f4a03f6590504046876698cc459aaad5e862abf7b760,"Bitcoin Up or Down - January 12, 4:00PM-4:15PM ET",btc-updown-15m-1768251600,Down,1768252129.000,1768252167.000,38.000,0.770000,0.820000,5.000000,0.050000,0.250000,5.0000,
0x78afd3468f826abf30e4f4a03f6590504046876698cc459aaad5e862abf7b760,"Bitcoin Up or Down - January 12, 4:00PM-4:15PM ET",btc-updown-15m-1768251600,Down,1768252129.000,1768252169.000,40.000,0.770000,0.830000,4.971200,0.060000,0.298272,6.0000,
0x78afd3468f826abf30e4f4a03f6590504046876698cc459aaad5e862abf7b760,"Bitcoin Up or Down - January 12, 4:00PM-4:15PM ET",btc-updown-15m-1768251600,Down,1768252131.000,1768252169.000,38.000,0.780000,0.830000,0.028800,0.050000,0.001440,5.0000,
0x78afd3468f826abf30e4f4a03f6590504046876698cc459aaad5e862abf7b760,"Bitcoin Up or Down - January 12, 4:00PM-4:15PM ET",btc-updown-15m-1768251600,Down,1768252131.000,1768252181.000,50.000,0.780000,0.840000,5.000000,0.060000,0.300000,6.0000,
0x78afd3468f826abf30e4f4a03f6590504046876698cc459aaad5e862abf7b760,"Bitcoin Up or Down - January 12, 4:00PM-4:15PM ET",btc-updown-15m-1768251600,Down,1768252131.000,1768252261.000,130.000,0.780000,0.770000,2.000000,-0.010000,-0.020000,-1.0000,
0x78afd3468f826abf30e4f4a03f6590504046876698cc459aaad5e862abf7b760,"Bitcoin Up or Down - January 12, 4:00PM-4:15PM ET",btc-updown-15m-1768251600,Down,1768252131.000,1768252261.000,130.000,0.780000,0.770000,1.090000,-0.010000,-0.010900,-1.0000,
0x78afd3468f826abf30e4f4a03f6590504046876698cc459aaad5e862abf7b760,"Bitcoin Up or Down - January 12, 4:00PM-4:15PM ET",btc-updown-15m-1768251600,Down,1768252131.000,1768252263.000,132.000,0.780000,0.770000,1.910000,-0.010000,-0.019100,-1.0000,
0x78afd3468f826abf30e4f4a03f6590504046876698cc459aaad5e862abf7b760,"Bitcoin Up or Down - January 12, 4:00PM-4:15PM ET",btc-updown-15m-1768251600,Down,1768252131.000,1768252307.000,176.000,0.780000,0.790000,2.080000,0.010000,0.020800,1.0000,
0x78afd3468f826abf30e4f4a03f6590504046876698cc459aaad5e862abf7b760,"Bitcoin Up or Down - January 12, 4:00PM-4:15PM ET",btc-updown-15m-1768251600,Down,1768252131.000,1768252307.000,176.000,0.780000,0.790000,2.920000,0.010000,0.029200,1.0000,
0x78afd3468f826abf30e4f4a03f6590504046876698cc459aaad5e862abf7b760,"Bitcoin Up or Down - January 12, 4:00PM-4:15PM ET",btc-updown-15m-1768251600,Down,1768252131.000,1768252313.000,182.000,0.780000,0.850000,2.838700,0.070000,0.198709,7.0000,
0x78afd3468f826abf30e4f4a03f6590504046876698cc459aaad5e862abf7b760,"Bitcoin Up or Down - January 12, 4:00PM-4:15PM ET",btc-updown-15m-1768251600,Up,1768252139.000,1768252147.000,8.000,0.210000,0.220000,5.000000,0.010000,0.050000,1.0000,
0x78afd3468f826abf30e4f4a03f6590504046876698cc459aaad5e862abf7b760,"Bitcoin Up or Down - January 12, 4:00PM-4:15PM ET",btc-updown-15m-1768251600,Up,1768252139.000,1768252157.000,18.000,0.210000,0.240000,5.000000,0.030000,0.150000,3.0000,
0x78afd3468f826abf30e4f4a03f6590504046876698cc459aaad5e862abf7b760,"Bitcoin Up or Down - January 12, 4:00PM-4:15PM ET",btc-updown-15m-1768251600,Up,1768252139.000,1768252191.000,52.000,0.210000,0.190000,5.000000,-0.020000,-0.100000,-2.0000,
0x78afd3468f826abf30e4f4a03f6590504046876698cc459aaad5e862abf7b760,"Bitcoin Up or Down - January 12, 4:00PM-4:15PM ET",btc-updown-15m-1768251600,Up,1768252139.000,1768252229.000,90.000,0.210000,0.220000,5.000000,0.010000,0.050000,1.0000,
0x78afd3468f826abf30e4f4a03f6590504046876698cc459aaad5e862abf7b760,"Bitcoin Up or Down - January 12, 4:00PM-4:15PM ET",btc-updown-15m-1768251600,Up,1768252139.000,1768252229.000,90.000,0.210000,0.210000,5.000000,0.000000,0.000000,0.0000,
0x78afd3468f826abf30e4f4a03f6590504046876698cc459aaad5e862abf7b760,"Bitcoin Up or Down - January 12, 4:00PM-4:15PM ET",btc-updown-15m-1768251600,Up,1768252139.000,1768252239.000,100.000,0.210000,0.250000,1.010275,0.040000,0.040411,4.0000,
0x78afd3468f826abf30e4f4a03f6590504046876698cc459aaad5e862abf7b760,"Bitcoin Up or Down - January 12, 4:00PM-4:15PM ET",btc-updown-15m-1768251600,Down,1768252157.000,1768252313.000,156.000,0.770000,0.850000,2.161300,0.080000,0.172904,8.0000,
0x78afd3468f826abf30e4f4a03f6590504046876698cc459aaad5e862abf7b760,"Bitcoin Up or Down - January 12, 4:00PM-4:15PM ET",btc-updown-15m-1768251600,Down,1768252157.000,1768252313.000,156.000,0.770000,0.830000,5.000000,0.060000,0.300000,6.0000,
0x78afd3468f826abf30e4f4a03f6590504046876698cc459aaad5e862abf7b760,"Bitcoin Up or Down - January 12, 4:00PM-4:15PM ET",btc-updown-15m-1768251600,Down,1768252157.000,1768252313.000,156.000,0.770000,0.840000,5.000000,0.070000,0.350000,7.0000,
0x78afd3468f826abf30e4f4a03f6590504046876698cc459aaad5e862abf7b760,"Bitcoin Up or Down - January 12, 4:00PM-4:15PM ET",btc-updown-15m-1768251600,Down,1768252157.000,1768252315.000,158.000,0.770000,0.860000,5.000000,0.090000,0.450000,9.0000,
0x78afd3468f826abf30e4f4a03f6590504046876698cc459aaad5e862abf7b760,"Bitcoin Up or Down - January 12, 4:00PM-4:15PM ET",btc-updown-15m-1768251600,Down,1768252157.000,1768252317.000,160.000,0.770000,0.870000,0.697600,0.100000,0.069760,10.0000,
0x78afd3468f826abf30e4f4a03f6590504046876698cc459aaad5e862abf7b760,"Bitcoin Up or Down - January 12, 4:00PM-4:15PM ET",btc-updown-15m-1768251600,Down,1768252165.000,1768252317.000,152.000,0.790000,0.870000,1.782400,0.080000,0.142592,8.0000,
0x78afd3468f826abf30e4f4a03f6590504046876698cc459aaad5e862abf7b760,"Bitcoin Up or Down - January 12, 4:00PM-4:15PM ET",btc-updown-15m-1768251600,Down,1768252165.000,1768252317.000,152.000,0.790000,0.870000,2.520000,0.080000,0.201600,8.0000,
0x78afd3468f826abf30e4f4a03f6590504046876698cc459aaad5e862abf7b760,"Bitcoin Up or Down - January 12, 4:00PM-4:15PM ET",btc-updown-15m-1768251600,Down,1768252165.000,1768252341.000,176.000,0.790000,0.770000,0.697600,-0.020000,-0.013952,-2.0000,
0x78afd3468f826abf30e4f4a03f6590504046876698cc459aaad5e862abf7b760,"Bitcoin Up or Down - January 12, 4:00PM-4:15PM ET",btc-updown-15m-1768251600,Up,1768252171.000,1768252239.000,68.000,0.160000,0.250000,3.989725,0.090000,0.359075,9.0000,
0x78afd3468f826abf30e4f4a03f6590504046876698cc459aaad5e862abf7b760,"Bitcoin Up or Down - January 12, 4:00PM-4:15PM ET",btc-updown-15m-1768251600,Up,1768252171.000,1768252245.000,74.000,0.160000,0.250000,1.000000,0.090000,0.090000,9.0000,
0x78afd3468f826abf30e4f4a03f6590504046876698cc459aaad5e862abf7b760,"Bitcoin Up or Down - January 12, 4:00PM-4:15PM ET",btc-updown-15m-1768251600,Up,1768252171.000,1768252245.000,74.000,0.160000,0.250000,0.010275,0.090000,0.000925,9.0000,
0x78afd3468f826abf30e4f4a03f6590504046876698cc459aaad5e862abf7b760,"Bitcoin Up or Down - January 12, 4:00PM-4:15PM ET",btc-updown-15m-1768251600,Up,1768252181.000,1768252245.000,64.000,0.190000,0.250000,3.989725,0.060000,0.239383,6.0000,
0x78afd3468f826abf30e4f4a03f6590504046876698cc459aaad5e862abf7b760,"Bitcoin Up or Down - January 12, 4:00PM-4:15PM ET",btc-updown-15m-1768251600,Up,1768252181.000,1768252271.000,90.000,0.190000,0.250000,1.010275,0.060000,0.060616,6.0000,
0x78afd3468f826abf30e4f4a03f6590504046876698cc459aaad5e862abf7b760,"Bitcoin Up or Down - January 12, 4:00PM-4:15PM ET",btc-updown-15m-1768251600,Up,1768252181.000,1768252271.000,90.000,0.180000,0.250000,3.989725,0.070000,0.279281,7.0000,
0x78afd3468f826abf30e4f4a03f6590504046876698cc459aaad5e862abf7b760,"Bitcoin Up or Down - January 12, 4:00PM-4:15PM ET",btc-updown-15m-1768251600,Up,1768252181.000,1768252287.000,106.000,0.180000,0.250000,1.010275,0.070000,0.070719,7.0000,
0x78afd3468f826abf30e4f4a03f6590504046876698cc459aaad5e862abf7b760,"Bitcoin Up or Down - January 12, 4:00PM-4:15PM ET",btc-updown-15m-1768251600,Up,1768252181.000,1768252287.000,106.000,0.170000,0.250000,3.989725,0.080000,0.319178,8.0000,
0x78afd3468f826abf30e4f4a03f6590504046876698cc459aaad5e862abf7b760,"Bitcoin Up or Down - January 12, 4:00PM-4:15PM ET",btc-updown-15m-1768251600,Up,1768252181.000,1768252287.000,106.000,0.170000,0.260000,1.010275,0.090000,0.090925,9.0000,
0x78afd3468f826abf30e4f4a03f6590504046876698cc459aaad5e862abf7b760,"Bitcoin Up or Down - January 12, 4:00PM-4:15PM ET",btc-updown-15m-1768251600,Down,1768252235.000,1768252341.000,106.000,0.750000,0.770000,4.302400,0.020000,0.086048,2.0000,
0x78afd3468f826abf30e4f4a03f6590504046876698cc459aaad5e862abf7b760,"Bitcoin Up or Down - January 12, 4:00PM-4:15PM ET",btc-updown-15m-1768251600,Down,1768252235.000,1768252351.000,116.000,0.750000,0.800000,0.697600,0.050000,0.034880,5.0000,
0x78afd3468f826abf30e4f4a03f6590504046876698cc459aaad5e862abf7b760,"Bitcoin Up or Down - January 12, 4:00PM-4:15PM ET",btc-updown-15m-1768251600,Up,1768252287.000,1768252287.000,0.000,0.280000,0.260000,3.989725,-0.020000,-0.079795,-2.0000,
0x78afd3468f826abf30e4f4a03f6590504046876698cc459aaad5e862abf7b760,"Bitcoin Up or Down - January 12, 4:00PM-4:15PM ET",btc-updown-15m-1768251600,Up,1768252287.000,1768252287.000,0.000,0.280000,0.270000,5.000000,-0.010000,-0.050000,-1.0000,
0x78afd3468f826abf30e4f4a03f6590504046876698cc459aaad5e862abf7b760,"Bitcoin Up or Down - January 12, 4:00PM-4:15PM ET",btc-updown-15m-1768251600,Up,1768252287.000,1768252293.000,6.000,0.280000,0.340000,5.000000,0.060000,0.300000,6.0000,
0x78afd3468f826abf30e4f4a03f6590504046876698cc459aaad5e862abf7b760,"Bitcoin Up or Down - January 12, 4:00PM-4:15PM ET",btc-updown-15m-1768251600,Up,1768252287.000,1768252303.000,16.000,0.280000,0.320000,3.827475,0.040000,0.153099,4.0000,
0x78afd3468f826abf30e4f4a03f6590504046876698cc459aaad5e862abf7b760,"Bitcoin Up or Down - January 12, 4:00PM-4:15PM ET",btc-updown-15m-1768251600,Up,1768252311.000,1768252363.000,52.000,0.190000,0.310000,5.000000,0.120000,0.600000,12.0000,
0x78afd3468f826abf30e4f4a03f6590504046876698cc459aaad5e862abf7b760,"Bitcoin Up or Down - January 12, 4:00PM-4:15PM ET",btc-updown-15m-1768251600,Down,1768252323.000,1768252351.000,28.000,0.850000,0.800000,1.000000,-0.050000,-0.050000,-5.0000,
0x78afd3468f826abf30e4f4a03f6590504046876698cc459aaad5e862abf7b760,"Bitcoin Up or Down - January 12, 4:00PM-4:15PM ET",btc-updown-15m-1768251600,Down,1768252325.000,1768252351.000,26.000,0.840000,0.800000,2.652400,-0.040000,-0.106096,-4.0000,
0x78afd3468f826abf30e4f4a03f6590504046876698cc459aaad5e862abf7b760,"Bitcoin Up or Down - January 12, 4:00PM-4:15PM ET",btc-updown-15m-1768251600,Down,1768252325.000,1768252353.000,28.000,0.840000,0.790000,2.347600,-0.050000,-0.117380,-5.0000,
0x78afd3468f826abf30e4f4a03f6590504046876698cc459aaad5e862abf7b760,"Bitcoin Up or Down - January 12, 4:00PM-4:15PM ET",btc-updown-15m-1768251600,Down,1768252327.000,1768252353.000,26.000,0.840000,0.790000,2.652400,-0.050000,-0.132620,-5.0000,
0x78afd3468f826abf30e4f4a03f6590504046876698cc459aaad5e862abf7b760,"Bitcoin Up or Down - January 12, 4:00PM-4:15PM ET",btc-updown-15m-1768251600,Down,1768252327.000,1768252353.000,26.000,0.840000,0.800000,0.650000,-0.040000,-0.026000,-4.0000,
0x78afd3468f826abf30e4f4a03f6590504046876698cc459aaad5e862abf7b760,"Bitcoin Up or Down - January 12, 4:00PM-4:15PM ET",btc-updown-15m-1768251600,Down,1768252327.000,1768252377.000,50.000,0.840000,0.720000,1.388887,-0.120000,-0.166667,-12.0000,
0x78afd3468f826abf30e4f4a03f6590504046876698cc459aaad5e862abf7b760,"Bitcoin Up or Down - January 12, 4:00PM-4:15PM ET",btc-updown-15m-1768251600,Down,1768252327.000,1768252379.000,52.000,0.840000,0.720000,3.610000,-0.120000,-0.433200,-12.0000,
0x78afd3468f826abf30e4f4a03f6590504046876698cc459aaad5e862abf7b760,"Bitcoin Up or Down - January 12, 4:00PM-4:15PM ET",btc-updown-15m-1768251600,Down,1768252327.000,1768252385.000,58.000,0.840000,0.800000,0.125000,-0.040000,-0.005000,-4.0000,
0x78afd3468f826abf30e4f4a03f6590504046876698cc459aaad5e862abf7b760,"Bitcoin Up or Down - January 12, 4:00PM-4:15PM ET",btc-updown-15m-1768251600,Down,1768252327.000,1768252387.000,60.000,0.840000,0.800000,4.870000,-0.040000,-0.194800,-4.0000,
0x78afd3468f826abf30e4f4a03f6590504046876698cc459aaad5e862abf7b760,"Bitcoin Up or Down - January 12, 4:00PM-4:15PM ET",btc-updown-15m-1768251600,Down,1768252327.000,1768252397.000,70.000,0.840000,0.830000,4.622513,-0.010000,-0.046225,-1.0000,
0x78afd3468f826abf30e4f4a03f6590504046876698cc459aaad5e862abf7b760,"Bitcoin Up or Down - January 12, 4:00PM-4:15PM ET",btc-updown-15m-1768251600,Down,1768252327.000,1768252397.000,70.000,0.830000,0.830000,0.377487,0.000000,0.000000,0.0000,
0x78afd3468f826abf30e4f4a03f6590504046876698cc459aaad5e862abf7b760,"Bitcoin Up or Down - January 12, 4:00PM-4:15PM ET",btc-updown-15m-1768251600,Down,1768252327.000,1768252413.000,86.000,0.830000,0.910000,4.622513,0.080000,0.369801,8.0000,
0x78afd3468f826abf30e4f4a03f6590504046876698cc459aaad5e862abf7b760,"Bitcoin Up or Down - January 12, 4:00PM-4:15PM ET",btc-updown-15m-1768251600,Down,1768252339.000,1768252413.000,74.000,0.720000,0.910000,0.377487,0.190000,0.071723,19.0000,
0x78afd3468f826abf30e4f4a03f6590504046876698cc459aaad5e862abf7b760,"Bitcoin Up or Down - January 12, 4:00PM-4:15PM ET",btc-updown-15m-1768251600,Down,1768252339.000,1768252413.000,74.000,0.720000,0.920000,4.622513,0.200000,0.924503,20.0000,
0x78afd3468f826abf30e4f4a03f6590504046876698cc459aaad5e862abf7b760,"Bitcoin Up or Down - January 12, 4:00PM-4:15PM ET",btc-updown-15m-1768251600,Down,1768252343.000,1768252413.000,70.000,0.740000,0.920000,0.377487,0.180000,0.067948,18.0000,
0x78afd3468f826abf30e4f4a03f6590504046876698cc459aaad5e862abf7b760,"Bitcoin Up or Down - January 12, 4:00PM-4:15PM ET",btc-updown-15m-1768251600,Down,1768252343.000,1768252413.000,70.000,0.740000,0.930000,4.622513,0.190000,0.878277,19.0000,
0x78afd3468f826abf30e4f4a03f6590504046876698cc459aaad5e862abf7b760,"Bitcoin Up or Down - January 12, 4:00PM-4:15PM ET",btc-updown-15m-1768251600,Down,1768252347.000,1768252413.000,66.000,0.770000,0.930000,0.377487,0.160000,0.060398,16.0000,
0x78afd3468f826abf30e4f4a03f6590504046876698cc459aaad5e862abf7b760,"Bitcoin Up or Down - January 12, 4:00PM-4:15PM ET",btc-updown-15m-1768251600,Down,1768252347.000,1768252413.000,66.000,0.770000,0.900000,5.000000,0.130000,0.650000,13.0000,
0x78afd3468f826abf30e4f4a03f6590504046876698cc459aaad5e862abf7b760,"Bitcoin Up or Down - January 12, 4:00PM-4:15PM ET",btc-updown-15m-1768251600,Down,1768252347.000,1768252415.000,68.000,0.770000,0.922778,12.481413,0.152778,1.906883,15.2778,
0x78afd3468f826abf30e4f4a03f6590504046876698cc459aaad5e862abf7b760,"Bitcoin Up or Down - January 12, 4:00PM-4:15PM ET",btc-updown-15m-1768251600,Up,1768252351.000,1768252449.000,98.000,0.210000,0.050000,5.000000,-0.160000,-0.800000,-16.0000,
0x78afd3468f826abf30e4f4a03f6590504046876698cc459aaad5e862abf7b760,"Bitcoin Up or Down - January 12, 4:00PM-4:15PM ET",btc-updown-15m-1768251600,Up,1768252351.000,1768252449.000,98.000,0.210000,0.060000,4.931200,-0.150000,-0.739680,-15.0000,
0x78afd3468f826abf30e4f4a03f6590504046876698cc459aaad5e862abf7b760,"Bitcoin Up or Down - January 12, 4:00PM-4:15PM ET",btc-updown-15m-1768251600,Down,1768252357.000,1768252415.000,58.000,0.770000,0.922778,5.000000,0.152778,0.763889,15.2778,
0x78afd3468f826abf30e4f4a03f6590504046876698cc459aaad5e862abf7b760,"Bitcoin Up or Down - January 12, 4:00PM-4:15PM ET",btc-updown-15m-1768251600,Down,1768252361.000,1768252415.000,54.000,0.750000,0.922778,0.518587,0.172778,0.089600,17.2778,
0x78afd3468f826abf30e4f4a03f6590504046876698cc459aaad5e862abf7b760,"Bitcoin Up or Down - January 12, 4:00PM-4:15PM ET",btc-updown-15m-1768251600,Down,1768252361.000,1768252415.000,54.000,0.750000,0.910000,4.481413,0.160000,0.717026,16.0000,
0x78afd3468f826abf30e4f4a03f6590504046876698cc459aaad5e862abf7b760,"Bitcoin Up or Down - January 12, 4:00PM-4:15PM ET",btc-updown-15m-1768251600,Down,1768252361.000,1768252415.000,54.000,0.740000,0.910000,0.518587,0.170000,0.088160,17.0000,
0x78afd3468f826abf30e4f4a03f6590504046876698cc459aaad5e862abf7b760,"Bitcoin Up or Down - January 12, 4:00PM-4:15PM ET",btc-updown-15m-1768251600,Down,1768252361.000,1768252415.000,54.000,0.740000,0.920000,4.481413,0.180000,0.806654,18.0000,
0x78afd3468f826abf30e4f4a03f6590504046876698cc459aaad5e862abf7b760,"Bitcoin Up or Down - January 12, 4:00PM-4:15PM ET",btc-updown-15m-1768251600,Down,1768252361.000,1768252415.000,54.000,0.740000,0.920000,0.518587,0.180000,0.093346,18.0000,
0x78afd3468f826abf30e4f4a03f6590504046876698cc459aaad5e862abf7b760,"Bitcoin Up or Down - January 12, 4:00PM-4:15PM ET",btc-updown-15m-1768251600,Down,1768252361.000,1768252415.000,54.000,0.740000,0.930000,5.000000,0.190000,0.950000,19.0000,
0x78afd3468f826abf30e4f4a03f6590504046876698cc459aaad5e862abf7b760,"Bitcoin Up or Down - January 12, 4:00PM-4:15PM ET",btc-updown-15m-1768251600,Down,1768252361.000,1768252417.000,56.000,0.740000,0.940000,5.000000,0.200000,1.000000,20.0000,
0x78afd3468f826abf30e4f4a03f6590504046876698cc459aaad5e862abf7b760,"Bitcoin Up or Down - January 12, 4:00PM-4:15PM ET",btc-updown-15m-1768251600,Down,1768252361.000,1768252417.000,56.000,0.740000,0.950000,5.000000,0.210000,1.050000,21.0000,
0x78afd3468f826abf30e4f4a03f6590504046876698cc459aaad5e862abf7b760,"Bitcoin Up or Down - January 12, 4:00PM-4:15PM ET",btc-updown-15m-1768251600,Up,1768252363.000,1768252449.000,86.000,0.270000,0.060000,0.068800,-0.210000,-0.014448,-21.0000,
0x78afd3468f826abf30e4f4a03f6590504046876698cc459aaad5e862abf7b760,"Bitcoin Up or Down - January 12, 4:00PM-4:15PM ET",btc-updown-15m-1768251600,Up,1768252363.000,1768252449.000,86.000,0.270000,0.070000,5.000000,-0.200000,-1.000000,-20.0000,
0x3cb287ba5dc014f05d375ccdcc4c361fbec8727e23205637c8029a0be41328ee,"Bitcoin Up or Down - January 12, 4:15PM-4:30PM ET",btc-updown-15m-1768252500,Down,1768252891.000,1768252973.000,82.000,0.490000,0.730000,5.000000,0.240000,1.200000,24.0000,
0x3cb287ba5dc014f05d375ccdcc4c361fbec8727e23205637c8029a0be41328ee,"Bitcoin Up or Down - January 12, 4:15PM-4:30PM ET",btc-updown-15m-1768252500,Down,1768252891.000,1768253017.000,126.000,0.490000,0.890000,3.700000,0.400000,1.480000,40.0000,
0x3cb287ba5dc014f05d375ccdcc4c361fbec8727e23205637c8029a0be41328ee,"Bitcoin Up or Down - January 12, 4:15PM-4:30PM ET",btc-updown-15m-1768252500,Down,1768252891.000,1768253061.000,170.000,0.490000,0.410000,5.000000,-0.080000,-0.400000,-8.0000,
0x3cb287ba5dc014f05d375ccdcc4c361fbec8727e23205637c8029a0be41328ee,"Bitcoin Up or Down - January 12, 4:15PM-4:30PM ET",btc-updown-15m-1768252500,Down,1768252891.000,1768253061.000,170.000,0.490000,0.420000,5.000000,-0.070000,-0.350000,-7.0000,
0x3cb287ba5dc014f05d375ccdcc4c361fbec8727e23205637c8029a0be41328ee,"Bitcoin Up or Down - January 12, 4:15PM-4:30PM ET",btc-updown-15m-1768252500,Down,1768252891.000,1768253061.000,170.000,0.490000,0.430000,5.000000,-0.060000,-0.300000,-6.0000,
0x3cb287ba5dc014f05d375ccdcc4c361fbec8727e23205637c8029a0be41328ee,"Bitcoin Up or Down - January 12, 4:15PM-4:30PM ET",btc-updown-15m-1768252500,Down,1768252891.000,1768253061.000,170.000,0.490000,0.440000,0.909700,-0.050000,-0.045485,-5.0000,
0x3cb287ba5dc014f05d375ccdcc4c361fbec8727e23205637c8029a0be41328ee,"Bitcoin Up or Down - January 12, 4:15PM-4:30PM ET",btc-updown-15m-1768252500,Down,1768252893.000,1768253061.000,168.000,0.490000,0.440000,4.090300,-0.050000,-0.204515,-5.0000,
0x3cb287ba5dc014f05d375ccdcc4c361fbec8727e23205637c8029a0be41328ee,"Bitcoin Up or Down - January 12, 4:15PM-4:30PM ET",btc-updown-15m-1768252500,Down,1768252893.000,1768253061.000,168.000,0.490000,0.470000,0.909700,-0.020000,-0.018194,-2.0000,
0x3cb287ba5dc014f05d375ccdcc4c361fbec8727e23205637c8029a0be41328ee,"Bitcoin Up or Down - January 12, 4:15PM-4:30PM ET",btc-updown-15m-1768252500,Down,1768252895.000,1768253061.000,166.000,0.480000,0.470000,4.090300,-0.010000,-0.040903,-1.0000,
0x3cb287ba5dc014f05d375ccdcc4c361fbec8727e23205637c8029a0be41328ee,"Bitcoin Up or Down - January 12, 4:15PM-4:30PM ET",btc-updown-15m-1768252500,Down,1768252895.000,1768253061.000,166.000,0.480000,0.400000,0.909700,-0.080000,-0.072776,-8.0000,
0x3cb287ba5dc014f05d375ccdcc4c361fbec8727e23205637c8029a0be41328ee,"Bitcoin Up or Down - January 12, 4:15PM-4:30PM ET",btc-updown-15m-1768252500,Up,1768252905.000,1768253015.000,110.000,0.480000,0.130000,5.000000,-0.350000,-1.750000,-35.0000,
0x3cb287ba5dc014f05d375ccdcc4c361fbec8727e23205637c8029a0be41328ee,"Bitcoin Up or Down - January 12, 4:15PM-4:30PM ET",btc-updown-15m-1768252500,Up,1768252909.000,1768253015.000,106.000,0.480000,0.130000,5.000000,-0.350000,-1.750000,-35.0000,
0x3cb287ba5dc014f05d375ccdcc4c361fbec8727e23205637c8029a0be41328ee,"Bitcoin Up or Down - January 12, 4:15PM-4:30PM ET",btc-updown-15m-1768252500,Up,1768252925.000,1768253015.000,90.000,0.420000,0.130000,5.000000,-0.290000,-1.450000,-29.0000,
0x3cb287ba5dc014f05d375ccdcc4c361fbec8727e23205637c8029a0be41328ee,"Bitcoin Up or Down - January 12, 4:15PM-4:30PM ET",btc-updown-15m-1768252500,Up,1768252927.000,1768253015.000,88.000,0.410000,0.130000,3.000000,-0.280000,-0.840000,-28.0000,
0x3cb287ba5dc014f05d375ccdcc4c361fbec8727e23205637c8029a0be41328ee,"Bitcoin Up or Down - January 12, 4:15PM-4:30PM ET",btc-updown-15m-1768252500,Up,1768252927.000,1768253015.000,88.000,0.410000,0.140000,2.000000,-0.270000,-0.540001,-27.0000,
0x3cb287ba5dc014f05d375ccdcc4c361fbec8727e23205637c8029a0be41328ee,"Bitcoin Up or Down - January 12, 4:15PM-4:30PM ET",btc-updown-15m-1768252500,Up,1768252927.000,1768253015.000,88.000,0.360000,0.140000,0.732856,-0.220000,-0.161229,-22.0000,
0x3cb287ba5dc014f05d375ccdcc4c361fbec8727e23205637c8029a0be41328ee,"Bitcoin Up or Down - January 12, 4:15PM-4:30PM ET",btc-updown-15m-1768252500,Up,1768252927.000,1768253027.000,100.000,0.360000,0.120000,4.267144,-0.240000,-1.024115,-24.0000,
0x3cb287ba5dc014f05d375ccdcc4c361fbec8727e23205637c8029a0be41328ee,"Bitcoin Up or Down - January 12, 4:15PM-4:30PM ET",btc-updown-15m-1768252500,Up,1768252931.000,1768253027.000,96.000,0.360000,0.120000,0.732856,-0.240000,-0.175885,-24.0000,
0x3cb287ba5dc014f05d375ccdcc4c361fbec8727e23205637c8029a0be41328ee,"Bitcoin Up or Down - January 12, 4:15PM-4:30PM ET",btc-updown-15m-1768252500,Up,1768252931.000,1768253045.000,114.000,0.360000,0.240000,4.267144,-0.120000,-0.512057,-12.0000,
0x3cb287ba5dc014f05d375ccdcc4c361fbec8727e23205637c8029a0be41328ee,"Bitcoin Up or Down - January 12, 4:15PM-4:30PM ET",btc-updown-15m-1768252500,Down,1768252941.000,1768253061.000,120.000,0.680000,0.400000,4.090300,-0.280000,-1.145284,-28.0000,
0x3cb287ba5dc014f05d375ccdcc4c361fbec8727e23205637c8029a0be41328ee,"Bitcoin Up or Down - January 12, 4:15PM-4:30PM ET",btc-updown-15m-1768252500,Down,1768252941.000,1768253063.000,122.000,0.680000,0.480000,0.909700,-0.200000,-0.181940,-20.0000,
0x3cb287ba5dc014f05d375ccdcc4c361fbec8727e23205637c8029a0be41328ee,"Bitcoin Up or Down - January 12, 4:15PM-4:30PM ET",btc-updown-15m-1768252500,Up,1768252943.000,1768253045.000,102.000,0.280000,0.240000,0.732856,-0.040000,-0.029314,-4.0000,
0x3cb287ba5dc014f05d375ccdcc4c361fbec8727e23205637c8029a0be41328ee,"Bitcoin Up or Down - January 12, 4:15PM-4:30PM ET",btc-updown-15m-1768252500,Up,1768252943.000,1768253047.000,104.000,0.280000,0.220000,4.267144,-0.060000,-0.256029,-6.0000,
0x3cb287ba5dc014f05d375ccdcc4c361fbec8727e23205637c8029a0be41328ee,"Bitcoin Up or Down - January 12, 4:15PM-4:30PM ET",btc-updown-15m-1768252500,Down,1768252943.000,1768253063.000,120.000,0.740000,0.480000,4.090300,-0.260000,-1.063478,-26.0000,
0x3cb287ba5dc014f05d375ccdcc4c361fbec8727e23205637c8029a0be41328ee,"Bitcoin Up or Down - January 12, 4:15PM-4:30PM ET",btc-updown-15m-1768252500,Down,1768252943.000,1768253067.000,124.000,0.740000,0.800000,5.000000,0.060000,0.300000,6.0000,
0x3cb287ba5dc014f05d375ccdcc4c361fbec8727e23205637c8029a0be41328ee,"Bitcoin Up or Down - January 12, 4:15PM-4:30PM ET",btc-updown-15m-1768252500,Down,1768252943.000,1768253069.000,126.000,0.740000,0.780000,5.000000,0.040000,0.200000,4.0000,
0x3cb287ba5dc014f05d375ccdcc4c361fbec8727e23205637c8029a0be41328ee,"Bitcoin Up or Down - January 12, 4:15PM-4:30PM ET",btc-updown-15m-1768252500,Down,1768252943.000,1768253069.000,126.000,0.740000,0.810000,4.654700,0.070000,0.325829,7.0000,
0x3cb287ba5dc014f05d375ccdcc4c361fbec8727e23205637c8029a0be41328ee,"Bitcoin Up or Down - January 12, 4:15PM-4:30PM ET",btc-updown-15m-1768252500,Down,1768252943.000,1768253069.000,126.000,0.660000,0.810000,0.345300,0.150000,0.051795,15.0000,
0x3cb287ba5dc014f05d375ccdcc4c361fbec8727e23205637c8029a0be41328ee,"Bitcoin Up or Down - January 12, 4:15PM-4:30PM ET",btc-updown-15m-1768252500,Down,1768252943.000,1768253069.000,126.000,0.660000,0.770000,4.654700,0.110000,0.512017,11.0000,
0x3cb287ba5dc014f05d375ccdcc4c361fbec8727e23205637c8029a0be41328ee,"Bitcoin Up or Down - January 12, 4:15PM-4:30PM ET",btc-updown-15m-1768252500,Down,1768252943.000,1768253069.000,126.000,0.670000,0.770000,0.345300,0.100000,0.034530,10.0000,
0x3cb287ba5dc014f05d375ccdcc4c361fbec8727e23205637c8029a0be41328ee,"Bitcoin Up or Down - January 12, 4:15PM-4:30PM ET",btc-updown-15m-1768252500,Down,1768252943.000,1768253071.000,128.000,0.670000,0.780000,1.206152,0.110000,0.132676,11.0000,
0x3cb287ba5dc014f05d375ccdcc4c361fbec8727e23205637c8029a0be41328ee,"Bitcoin Up or Down - January 12, 4:15PM-4:30PM ET",btc-updown-15m-1768252500,Down,1768252943.000,1768253071.000,128.000,0.670000,0.790000,3.448548,0.120000,0.413826,12.0000,
0x3cb287ba5dc014f05d375ccdcc4c361fbec8727e23205637c8029a0be41328ee,"Bitcoin Up or Down - January 12, 4:15PM-4:30PM ET",btc-updown-15m-1768252500,Up,1768252947.000,1768253047.000,100.000,0.340000,0.220000,0.732856,-0.120000,-0.087943,-12.0000,
0x3cb287ba5dc014f05d375ccdcc4c361fbec8727e23205637c8029a0be41328ee,"Bitcoin Up or Down - January 12, 4:15PM-4:30PM ET",btc-updown-15m-1768252500,Up,1768252947.000,1768253071.000,124.000,0.340000,0.340000,5.000000,0.000000,0.000000,0.0000,
0x3cb287ba5dc014f05d375ccdcc4c361fbec8727e23205637c8029a0be41328ee,"Bitcoin Up or Down - January 12, 4:15PM-4:30PM ET",btc-updown-15m-1768252500,Up,1768252947.000,1768253143.000,196.000,0.340000,0.200000,5.000000,-0.140000,-0.700000,-14.0000,
0x3cb287ba5dc014f05d375ccdcc4c361fbec8727e23205637c8029a0be41328ee,"Bitcoin Up or Down - January 12, 4:15PM-4:30PM ET",btc-updown-15m-1768252500,Up,1768252947.000,1768253143.000,196.000,0.340000,0.210000,4.380951,-0.130000,-0.569524,-13.0000,
0x3cb287ba5dc014f05d375ccdcc4c361fbec8727e23205637c8029a0be41328ee,"Bitcoin Up or Down - January 12, 4:15PM-4:30PM ET",btc-updown-15m-1768252500,Up,1768252947.000,1768253145.000,198.000,0.340000,0.210000,0.610000,-0.130000,-0.079300,-13.0000,
0x3cb287ba5dc014f05d375ccdcc4c361fbec8727e23205637c8029a0be41328ee,"Bitcoin Up or Down - January 12, 4:15PM-4:30PM ET",btc-updown-15m-1768252500,Up,1768252947.000,1768253145.000,198.000,0.340000,0.270000,5.000000,-0.070000,-0.350000,-7.0000,
0x3cb287ba5dc014f05d375ccdcc4c361fbec8727e23205637c8029a0be41328ee,"Bitcoin Up or Down - January 12, 4:15PM-4:30PM ET",btc-updown-15m-1768252500,Up,1768252947.000,1768253235.000,288.000,0.340000,0.120000,4.687586,-0.220000,-1.031269,-22.0000,
0x3cb287ba5dc014f05d375ccdcc4c361fbec8727e23205637c8029a0be41328ee,"Bitcoin Up or Down - January 12, 4:15PM-4:30PM ET",btc-updown-15m-1768252500,Up,1768252949.000,1768253235.000,286.000,0.340000,0.120000,0.312414,-0.220000,-0.068731,-22.0000,
0x3cb287ba5dc014f05d375ccdcc4c361fbec8727e23205637c8029a0be41328ee,"Bitcoin Up or Down - January 12, 4:15PM-4:30PM ET",btc-updown-15m-1768252500,Up,1768252949.000,1768253235.000,286.000,0.340000,0.130000,5.000000,-0.210000,-1.050000,-21.0000,
0x3cb287ba5dc014f05d375ccdcc4c361fbec8727e23205637c8029a0be41328ee,"Bitcoin Up or Down - January 12, 4:15PM-4:30PM ET",btc-updown-15m-1768252500,Up,1768252949.000,1768253237.000,288.000,0.340000,0.110000,5.000000,-0.230000,-1.150000,-23.0000,
0x3cb287ba5dc014f05d375ccdcc4c361fbec8727e23205637c8029a0be41328ee,"Bitcoin Up or Down - January 12, 4:15PM-4:30PM ET",btc-updown-15m-1768252500,Up,1768252949.000,1768253237.000,288.000,0.340000,0.120000,5.000000,-0.220000,-1.100000,-22.0000,
0x3cb287ba5dc014f05d375ccdcc4c361fbec8727e23205637c8029a0be41328ee,"Bitcoin Up or Down - January 12, 4:15PM-4:30PM ET",btc-updown-15m-1768252500,Up,1768252949.000,1768253263.000,314.000,0.340000,0.130000,2.461086,-0.210000,-0.516828,-21.0000,
0x3cb287ba5dc014f05d375ccdcc4c361fbec8727e23205637c8029a0be41328ee,"Bitcoin Up or Down - January 12, 4:15PM-4:30PM ET",btc-updown-15m-1768252500,Up,1768252951.000,1768253263.000,312.000,0.340000,0.130000,2.538914,-0.210000,-0.533172,-21.0000,
0x3cb287ba5dc014f05d375ccdcc4c361fbec8727e23205637c8029a0be41328ee,"Bitcoin Up or Down - January 12, 4:15PM-4:30PM ET",btc-updown-15m-1768252500,Down,1768252953.000,1768253071.000,118.000,0.660000,0.790000,1.551452,0.130000,0.201689,13.0000,
0x3cb287ba5dc014f05d375ccdcc4c361fbec8727e23205637c8029a0be41328ee,"Bitcoin Up or Down - January 12, 4:15PM-4:30PM ET",btc-updown-15m-1768252500,Down,1768252953.000,1768253071.000,118.000,0.660000,0.800000,3.448548,0.140000,0.482797,14.0000,
0x3cb287ba5dc014f05d375ccdcc4c361fbec8727e23205637c8029a0be41328ee,"Bitcoin Up or Down - January 12, 4:15PM-4:30PM ET",btc-updown-15m-1768252500,Down,1768252961.000,1768253071.000,110.000,0.710000,0.800000,1.551452,0.090000,0.139631,9.0000,
0x3cb287ba5dc014f05d375ccdcc4c361fbec8727e23205637c8029a0be41328ee,"Bitcoin Up or Down - January 12, 4:15PM-4:30PM ET",btc-updown-15m-1768252500,Down,1768252961.000,1768253071.000,110.000,0.710000,0.820000,5.000000,0.110000,0.550000,11.0000,
0x3cb287ba5dc014f05d375ccdcc4c361fbec8727e23205637c8029a0be41328ee,"Bitcoin Up or Down - January 12, 4:15PM-4:30PM ET",btc-updown-15m-1768252500,Down,1768252961.000,1768253075.000,114.000,0.710000,0.790000,5.000000,0.080000,0.400000,8.0000,
0x3cb287ba5dc014f05d375ccdcc4c361fbec8727e23205637c8029a0be41328ee,"Bitcoin Up or Down - January 12, 4:15PM-4:30PM ET",btc-updown-15m-1768252500,Down,1768252961.000,1768253087.000,126.000,0.710000,0.860000,5.000000,0.150000,0.750000,15.0000,
0x3cb287ba5dc014f05d375ccdcc4c361fbec8727e23205637c8029a0be41328ee,"Bitcoin Up or Down - January 12, 4:15PM-4:30PM ET",btc-updown-15m-1768252500,Down,1768252961.000,1768253091.000,130.000,0.710000,0.830000,1.257848,0.120000,0.150942,12.0000,
0x3cb287ba5dc014f05d375ccdcc4c361fbec8727e23205637c8029a0be41328ee,"Bitcoin Up or Down - January 12, 4:15PM-4:30PM ET",btc-updown-15m-1768252500,Down,1768252981.000,1768253091.000,110.000,0.720000,0.830000,13.857800,0.110000,1.524358,11.0000,
0x3cb287ba5dc014f05d375ccdcc4c361fbec8727e23205637c8029a0be41328ee,"Bitcoin Up or Down - January 12, 4:15PM-4:30PM ET",btc-updown-15m-1768252500,Down,1768252983.000,1768253091.000,108.000,0.720000,0.830000,5.000000,0.110000,0.550000,11.0000,
0x3cb287ba5dc014f05d375ccdcc4c361fbec8727e23205637c8029a0be41328ee,"Bitcoin Up or Down - January 12, 4:15PM-4:30PM ET",btc-updown-15m-1768252500,Down,1768252983.000,1768253091.000,108.000,0.710000,0.830000,4.884352,0.120000,0.586122,12.0000,
0x3cb287ba5dc014f05d375ccdcc4c361fbec8727e23205637c8029a0be41328ee,"Bitcoin Up or Down - January 12, 4:15PM-4:30PM ET",btc-updown-15m-1768252500,Down,1768252983.000,1768253101.000,118.000,0.710000,0.840000,0.115648,0.130000,0.015034,13.0000,
0x3cb287ba5dc014f05d375ccdcc4c361fbec8727e23205637c8029a0be41328ee,"Bitcoin Up or Down - January 12, 4:15PM-4:30PM ET",btc-updown-15m-1768252500,Down,1768253009.000,1768253101.000,92.000,0.810000,0.840000,4.884352,0.030000,0.146531,3.0000,
0x3cb287ba5dc014f05d375ccdcc4c361fbec8727e23205637c8029a0be41328ee,"Bitcoin Up or Down - January 12, 4:15PM-4:30PM ET",btc-updown-15m-1768252500,Down,1768253009.000,1768253101.000,92.000,0.810000,0.850000,0.115648,0.040000,0.004626,4.0000,
0x3cb287ba5dc014f05d375ccdcc4c361fbec8727e23205637c8029a0be41328ee,"Bitcoin Up or Down - January 12, 4:15PM-4:30PM ET",btc-updown-15m-1768252500,Down,1768253047.000,1768253101.000,54.000,0.760000,0.850000,4.884352,0.090000,0.439592,9.0000,
0x3cb287ba5dc014f05d375ccdcc4c361fbec8727e23205637c8029a0be41328ee,"Bitcoin Up or Down - January 12, 4:15PM-4:30PM ET",btc-updown-15m-1768252500,Down,1768253047.000,1768253147.000,100.000,0.760000,0.670000,0.115648,-0.090000,-0.010408,-9.0000,
0x3cb287ba5dc014f05d375ccdcc4c361fbec8727e23205637c8029a0be41328ee,"Bitcoin Up or Down - January 12, 4:15PM-4:30PM ET",btc-updown-15m-1768252500,Down,1768253047.000,1768253147.000,100.000,0.770000,0.670000,5.000000,-0.100000,-0.500000,-10.0000,
0x3cb287ba5dc014f05d375ccdcc4c361fbec8727e23205637c8029a0be41328ee,"Bitcoin Up or Down - January 12, 4:15PM-4:30PM ET",btc-updown-15m-1768252500,Down,1768253057.000,1768253147.000,90.000,0.290000,0.670000,5.000000,0.380000,1.900000,38.0000,
0x3cb287ba5dc014f05d375ccdcc4c361fbec8727e23205637c8029a0be41328ee,"Bitcoin Up or Down - January 12, 4:15PM-4:30PM ET",btc-updown-15m-1768252500,Down,1768253057.000,1768253147.000,90.000,0.310000,0.670000,5.000000,0.360000,1.800000,36.0000,
0x3cb287ba5dc014f05d375ccdcc4c361fbec8727e23205637c8029a0be41328ee,"Bitcoin Up or Down - January 12, 4:15PM-4:30PM ET",btc-updown-15m-1768252500,Down,1768253057.000,1768253147.000,90.000,0.300000,0.670000,5.000000,0.370000,1.850000,37.0000,
0x3cb287ba5dc014f05d375ccdcc4c361fbec8727e23205637c8029a0be41328ee,"Bitcoin Up or Down - January 12, 4:15PM-4:30PM ET",btc-updown-15m-1768252500,Down,1768253063.000,1768253147.000,84.000,0.630000,0.670000,9.104700,0.040000,0.364188,4.0000,
0x3cb287ba5dc014f05d375ccdcc4c361fbec8727e23205637c8029a0be41328ee,"Bitcoin Up or Down - January 12, 4:15PM-4:30PM ET",btc-updown-15m-1768252500,Down,1768253067.000,1768253147.000,80.000,0.710000,0.670000,21.779652,-0.040000,-0.871186,-4.0000,
0x3cb287ba5dc014f05d375ccdcc4c361fbec8727e23205637c8029a0be41328ee,"Bitcoin Up or Down - January 12, 4:15PM-4:30PM ET",btc-updown-15m-1768252500,Down,1768253067.000,1768253147.000,80.000,0.710000,0.640000,33.905537,-0.070000,-2.373387,-7.0000,
0x3cb287ba5dc014f05d375ccdcc4c361fbec8727e23205637c8029a0be41328ee,"Bitcoin Up or Down - January 12, 4:15PM-4:30PM ET",btc-updown-15m-1768252500,Down,1768253069.000,1768253147.000,78.000,0.670000,0.640000,2.970000,-0.030000,-0.089100,-3.0000,
0x3cb287ba5dc014f05d375ccdcc4c361fbec8727e23205637c8029a0be41328ee,"Bitcoin Up or Down - January 12, 4:15PM-4:30PM ET",btc-updown-15m-1768252500,Down,1768253069.000,1768253147.000,78.000,0.780000,0.640000,2.124463,-0.140000,-0.297425,-14.0000,
0x3cb287ba5dc014f05d375ccdcc4c361fbec8727e23205637c8029a0be41328ee,"Bitcoin Up or Down - January 12, 4:15PM-4:30PM ET",btc-updown-15m-1768252500,Down,1768253069.000,1768253171.000,102.000,0.780000,0.650000,2.875537,-0.130000,-0.373820,-13.0000,
0x3cb287ba5dc014f05d375ccdcc4c361fbec8727e23205637c8029a0be41328ee,"Bitcoin Up or Down - January 12, 4:15PM-4:30PM ET",btc-updown-15m-1768252500,Down,1768253069.000,1768253171.000,102.000,0.770000,0.650000,2.124463,-0.120000,-0.254936,-12.0000,
0x3cb287ba5dc014f05d375ccdcc4c361fbec8727e23205637c8029a0be41328ee,"Bitcoin Up or Down - January 12, 4:15PM-4:30PM ET",btc-updown-15m-1768252500,Down,1768253069.000,1768253199.000,130.000,0.770000,0.840000,2.875537,0.070000,0.201288,7.0000,
0x3cb287ba5dc014f05d375ccdcc4c361fbec8727e23205637c8029a0be41328ee,"Bitcoin Up or Down - January 12, 4:15PM-4:30PM ET",btc-updown-15m-1768252500,Down,1768253069.000,1768253199.000,130.000,0.670000,0.840000,2.030000,0.170000,0.345100,17.0000,
0x3cb287ba5dc014f05d375ccdcc4c361fbec8727e23205637c8029a0be41328ee,"Bitcoin Up or Down - January 12, 4:15PM-4:30PM ET",btc-updown-15m-1768252500,Down,1768253071.000,1768253199.000,128.000,0.710000,0.840000,0.094463,0.130000,0.012280,13.0000,
0x3cb287ba5dc014f05d375ccdcc4c361fbec8727e23205637c8029a0be41328ee,"Bitcoin Up or Down - January 12, 4:15PM-4:30PM ET",btc-updown-15m-1768252500,Down,1768253071.000,1768253211.000,140.000,0.710000,0.860000,4.905537,0.150000,0.735831,15.0000,
0x3cb287ba5dc014f05d375ccdcc4c361fbec8727e23205637c8029a0be41328ee,"Bitcoin Up or Down - January 12, 4:15PM-4:30PM ET",btc-updown-15m-1768252500,Down,1768253081.000,1768253211.000,130.000,0.760000,0.860000,0.094463,0.100000,0.009446,10.0000,
0x3cb287ba5dc014f05d375ccdcc4c361fbec8727e23205637c8029a0be41328ee,"Bitcoin Up or Down - January 12, 4:15PM-4:30PM ET",btc-updown-15m-1768252500,Down,1768253081.000,1768253227.000,146.000,0.760000,0.870000,4.100000,0.110000,0.451000,11.0000,
0x3cb287ba5dc014f05d375ccdcc4c361fbec8727e23205637c8029a0be41328ee,"Bitcoin Up or Down - January 12, 4:15PM-4:30PM ET",btc-updown-15m-1768252500,Down,1768253081.000,1768253241.000,160.000,0.760000,0.920000,0.805537,0.160000,0.128886,16.0000,
0x3cb287ba5dc014f05d375ccdcc4c361fbec8727e23205637c8029a0be41328ee,"Bitcoin Up or Down - January 12, 4:15PM-4:30PM ET",btc-updown-15m-1768252500,Down,1768253085.000,1768253241.000,156.000,0.830000,0.920000,4.194463,0.090000,0.377502,9.0000,
0x3cb287ba5dc014f05d375ccdcc4c361fbec8727e23205637c8029a0be41328ee,"Bitcoin Up or Down - January 12, 4:15PM-4:30PM ET",btc-updown-15m-1768252500,Down,1768253085.000,1768253271.000,186.000,0.830000,0.930000,0.415537,0.100000,0.041554,10.0000,
0x3cb287ba5dc014f05d375ccdcc4c361fbec8727e23205637c8029a0be41328ee,"Bitcoin Up or Down - January 12, 4:15PM-4:30PM ET",btc-updown-15m-1768252500,Down,1768253087.000,1768253271.000,184.000,0.830002,0.930000,0.381175,0.099998,0.038117,9.9998,
0x3cb287ba5dc014f05d375ccdcc4c361fbec8727e23205637c8029a0be41328ee,"Bitcoin Up or Down - January 12, 4:15PM-4:30PM ET",btc-updown-15m-1768252500,Down,1768253105.000,1768253271.000,166.000,0.890000,0.930000,2.429093,0.040000,0.097163,4.0000,
0x3cb287ba5dc014f05d375ccdcc4c361fbec8727e23205637c8029a0be41328ee,"Bitcoin Up or Down - January 12, 4:15PM-4:30PM ET",btc-updown-15m-1768252500,Down,1768253105.000,1768253271.000,166.000,0.890000,0.930000,1.182794,0.040000,0.047311,4.0000,
0x3cb287ba5dc014f05d375ccdcc4c361fbec8727e23205637c8029a0be41328ee,"Bitcoin Up or Down - January 12, 4:15PM-4:30PM ET",btc-updown-15m-1768252500,Down,1768253105.000,1768253271.000,166.000,0.890000,0.930000,0.580000,0.040000,0.023200,4.0000,
0xf3f5323b631c805de3a998e98340a66015380b875ba45d37c9ef7ee988746875,"Bitcoin Up or Down - January 12, 4:30PM-4:45PM ET",btc-updown-15m-1768253400,Down,1768253707.000,1768253807.000,100.000,0.440000,0.300000,18.000000,-0.140000,-2.520000,-14.0000,
0xf3f5323b631c805de3a998e98340a66015380b875ba45d37c9ef7ee988746875,"Bitcoin Up or Down - January 12, 4:30PM-4:45PM ET",btc-updown-15m-1768253400,Down,1768253707.000,1768253817.000,110.000,0.440000,0.300000,7.180180,-0.140000,-1.005225,-14.0000,
0xf3f5323b631c805de3a998e98340a66015380b875ba45d37c9ef7ee988746875,"Bitcoin Up or Down - January 12, 4:30PM-4:45PM ET",btc-updown-15m-1768253400,Down,1768253707.000,1768253817.000,110.000,0.440000,0.300000,17.819820,-0.140000,-2.494775,-14.0000,
0xf3f5323b631c805de3a998e98340a66015380b875ba45d37c9ef7ee988746875,"Bitcoin Up or Down - January 12, 4:30PM-4:45PM ET",btc-updown-15m-1768253400,Down,1768253707.000,1768253847.000,140.000,0.440000,0.300000,5.000000,-0.140000,-0.700000,-14.0000,
0xf3f5323b631c805de3a998e98340a66015380b875ba45d37c9ef7ee988746875,"Bitcoin Up or Down - January 12, 4:30PM-4:45PM ET",btc-updown-15m-1768253400,Down,1768253707.000,1768253849.000,142.000,0.440000,0.320000,5.000000,-0.120000,-0.600000,-12.0000,
0xf3f5323b631c805de3a998e98340a66015380b875ba45d37c9ef7ee988746875,"Bitcoin Up or Down - January 12, 4:30PM-4:45PM ET",btc-updown-15m-1768253400,Down,1768253707.000,1768253849.000,142.000,0.440000,0.330000,5.000000,-0.110000,-0.550000,-11.0000,
0xf3f5323b631c805de3a998e98340a66015380b875ba45d37c9ef7ee988746875,"Bitcoin Up or Down - January 12, 4:30PM-4:45PM ET",btc-updown-15m-1768253400,Down,1768253707.000,1768253849.000,142.000,0.440000,0.340000,5.000000,-0.100000,-0.500000,-10.0000,
0xf3f5323b631c805de3a998e98340a66015380b875ba45d37c9ef7ee988746875,"Bitcoin Up or Down - January 12, 4:30PM-4:45PM ET",btc-updown-15m-1768253400,Down,1768253707.000,1768253851.000,144.000,0.440000,0.350000,5.000000,-0.090000,-0.450000,-9.0000,
0xf3f5323b631c805de3a998e98340a66015380b875ba45d37c9ef7ee988746875,"Bitcoin Up or Down - January 12, 4:30PM-4:45PM ET",btc-updown-15m-1768253400,Down,1768253707.000,1768253875.000,168.000,0.440000,0.480000,5.000000,0.040000,0.200000,4.0000,
0xf3f5323b631c805de3a998e98340a66015380b875ba45d37c9ef7ee988746875,"Bitcoin Up or Down - January 12, 4:30PM-4:45PM ET",btc-updown-15m-1768253400,Down,1768253707.000,1768253877.000,170.000,0.440000,0.490000,5.000000,0.050000,0.250000,5.0000,
0xf3f5323b631c805de3a998e98340a66015380b875ba45d37c9ef7ee988746875,"Bitcoin Up or Down - January 12, 4:30PM-4:45PM ET",btc-updown-15m-1768253400,Down,1768253707.000,1768253879.000,172.000,0.440000,0.500000,2.540000,0.060000,0.152400,6.0000,
0xf3f5323b631c805de3a998e98340a66015380b875ba45d37c9ef7ee988746875,"Bitcoin Up or Down - January 12, 4:30PM-4:45PM ET",btc-updown-15m-1768253400,Down,1768253707.000,1768253881.000,174.000,0.440000,0.500000,2.460000,0.060000,0.147600,6.0000,
0xf3f5323b631c805de3a998e98340a66015380b875ba45d37c9ef7ee988746875,"Bitcoin Up or Down - January 12, 4:30PM-4:45PM ET",btc-updown-15m-1768253400,Down,1768253707.000,1768253887.000,180.000,0.440000,0.490000,1.403842,0.050000,0.070192,5.0000,
0xf3f5323b631c805de3a998e98340a66015380b875ba45d37c9ef7ee988746875,"Bitcoin Up or Down - January 12, 4:30PM-4:45PM ET",btc-updown-15m-1768253400,Down,1768253709.000,1768253887.000,178.000,0.440000,0.490000,10.833100,0.050000,0.541655,5.0000,
0xf3f5323b631c805de3a998e98340a66015380b875ba45d37c9ef7ee988746875,"Bitcoin Up or Down - January 12, 4:30PM-4:45PM ET",btc-updown-15m-1768253400,Down,1768253709.000,1768253887.000,178.000,0.430000,0.490000,5.000000,0.060000,0.300000,6.0000,
0xf3f5323b631c805de3a998e98340a66015380b875ba45d37c9ef7ee988746875,"Bitcoin Up or Down - January 12, 4:30PM-4:45PM ET",btc-updown-15m-1768253400,Down,1768253717.000,1768253887.000,170.000,0.420000,0.490000,0.763058,0.070000,0.053414,7.0000,
0xf3f5323b631c805de3a998e98340a66015380b875ba45d37c9ef7ee988746875,"Bitcoin Up or Down - January 12, 4:30PM-4:45PM ET",btc-updown-15m-1768253400,Down,1768253717.000,1768253893.000,176.000,0.420000,0.490000,4.236942,0.070000,0.296586,7.0000,
0xf3f5323b631c805de3a998e98340a66015380b875ba45d37c9ef7ee988746875,"Bitcoin Up or Down - January 12, 4:30PM-4:45PM ET",btc-updown-15m-1768253400,Up,1768253747.000,1768253837.000,90.000,0.530000,0.750000,5.000000,0.220000,1.100000,22.0000,
0xf3f5323b631c805de3a998e98340a66015380b875ba45d37c9ef7ee988746875,"Bitcoin Up or Down - January 12, 4:30PM-4:45PM ET",btc-updown-15m-1768253400,Up,1768253749.000,1768253909.000,160.000,0.520000,0.640000,1.830000,0.120000,0.219600,12.0000,
0xf3f5323b631c805de3a998e98340a66015380b875ba45d37c9ef7ee988746875,"Bitcoin Up or Down - January 12, 4:30PM-4:45PM ET",btc-updown-15m-1768253400,Up,1768253749.000,1768253909.000,160.000,0.520000,0.640000,3.170000,0.120000,0.380400,12.0000,
0xf3f5323b631c805de3a998e98340a66015380b875ba45d37c9ef7ee988746875,"Bitcoin Up or Down - January 12, 4:30PM-4:45PM ET",btc-updown-15m-1768253400,Up,1768253763.000,1768253909.000,146.000,0.530000,0.640000,5.000000,0.110000,0.550000,11.0000,
0xf3f5323b631c805de3a998e98340a66015380b875ba45d37c9ef7ee988746875,"Bitcoin Up or Down - January 12, 4:30PM-4:45PM ET",btc-updown-15m-1768253400,Up,1768253767.000,1768253909.000,142.000,0.490000,0.640000,5.000000,0.150000,0.750000,15.0000,
0xf3f5323b631c805de3a998e98340a66015380b875ba45d37c9ef7ee988746875,"Bitcoin Up or Down - January 12, 4:30PM-4:45PM ET",btc-updown-15m-1768253400,Up,1768253767.000,1768253909.000,142.000,0.500000,0.640000,5.000000,0.140000,0.700000,14.0000,
0xf3f5323b631c805de3a998e98340a66015380b875ba45d37c9ef7ee988746875,"Bitcoin Up or Down - January 12, 4:30PM-4:45PM ET",btc-updown-15m-1768253400,Down,1768253773.000,1768253893.000,120.000,0.430000,0.490000,0.763058,0.060000,0.045783,6.0000,
0xf3f5323b631c805de3a998e98340a66015380b875ba45d37c9ef7ee988746875,"Bitcoin Up or Down - January 12, 4:30PM-4:45PM ET",btc-updown-15m-1768253400,Down,1768253773.000,1768253923.000,150.000,0.430000,0.420000,1.966942,-0.010000,-0.019669,-1.0000,
0xf3f5323b631c805de3a998e98340a66015380b875ba45d37c9ef7ee988746875,"Bitcoin Up or Down - January 12, 4:30PM-4:45PM ET",btc-updown-15m-1768253400,Down,1768253773.000,1768253923.000,150.000,0.430000,0.420000,2.000000,-0.010000,-0.020000,-1.0000,
0xf3f5323b631c805de3a998e98340a66015380b875ba45d37c9ef7ee988746875,"Bitcoin Up or Down - January 12, 4:30PM-4:45PM ET",btc-updown-15m-1768253400,Down,1768253773.000,1768253923.000,150.000,0.430000,0.420000,0.270000,-0.010000,-0.002700,-1.0000,
0xf3f5323b631c805de3a998e98340a66015380b875ba45d37c9ef7ee988746875,"Bitcoin Up or Down - January 12, 4:30PM-4:45PM ET",btc-updown-15m-1768253400,Down,1768253775.000,1768253923.000,148.000,0.400000,0.420000,0.763058,0.020000,0.015261,2.0000,
0xf3f5323b631c805de3a998e98340a66015380b875ba45d37c9ef7ee988746875,"Bitcoin Up or Down - January 12, 4:30PM-4:45PM ET",btc-updown-15m-1768253400,Down,1768253775.000,1768253923.000,148.000,0.400000,0.410000,5.000000,0.010000,0.050000,1.0000,
0xf3f5323b631c805de3a998e98340a66015380b875ba45d37c9ef7ee988746875,"Bitcoin Up or Down - January 12, 4:30PM-4:45PM ET",btc-updown-15m-1768253400,Down,1768253775.000,1768254047.000,272.000,0.400000,0.310000,5.000000,-0.090000,-0.450000,-9.0000,
0xf3f5323b631c805de3a998e98340a66015380b875ba45d37c9ef7ee988746875,"Bitcoin Up or Down - January 12, 4:30PM-4:45PM ET",btc-updown-15m-1768253400,Down,1768253775.000,1768254057.000,282.000,0.400000,0.360000,5.000000,-0.040000,-0.200000,-4.0000,
0xf3f5323b631c805de3a998e98340a66015380b875ba45d37c9ef7ee988746875,"Bitcoin Up or Down - January 12, 4:30PM-4:45PM ET",btc-updown-15m-1768253400,Down,1768253775.000,1768254057.000,282.000,0.400000,0.370000,1.977742,-0.030000,-0.059332,-3.0000,
0xf3f5323b631c805de3a998e98340a66015380b875ba45d37c9ef7ee988746875,"Bitcoin Up or Down - January 12, 4:30PM-4:45PM ET",btc-updown-15m-1768253400,Down,1768253775.000,1768254057.000,282.000,0.400000,0.370000,3.022258,-0.030000,-0.090668,-3.0000,
0xf3f5323b631c805de3a998e98340a66015380b875ba45d37c9ef7ee988746875,"Bitcoin Up or Down - January 12, 4:30PM-4:45PM ET",btc-updown-15m-1768253400,Down,1768253775.000,1768254057.000,282.000,0.400000,0.380000,1.977742,-0.020000,-0.039555,-2.0000,
0xf3f5323b631c805de3a998e98340a66015380b875ba45d37c9ef7ee988746875,"Bitcoin Up or Down - January 12, 4:30PM-4:45PM ET",btc-updown-15m-1768253400,Down,1768253775.000,1768254057.000,282.000,0.390000,0.380000,3.022258,-0.010000,-0.030223,-1.0000,
0xf3f5323b631c805de3a998e98340a66015380b875ba45d37c9ef7ee988746875,"Bitcoin Up or Down - January 12, 4:30PM-4:45PM ET",btc-updown-15m-1768253400,Down,1768253775.000,1768254061.000,286.000,0.390000,0.370000,1.977742,-0.020000,-0.039555,-2.0000,
0xf3f5323b631c805de3a998e98340a66015380b875ba45d37c9ef7ee988746875,"Bitcoin Up or Down - January 12, 4:30PM-4:45PM ET",btc-updown-15m-1768253400,Down,1768253777.000,1768254061.000,284.000,0.370000,0.370000,3.022258,0.000000,0.000000,0.0000,
0xf3f5323b631c805de3a998e98340a66015380b875ba45d37c9ef7ee988746875,"Bitcoin Up or Down - January 12, 4:30PM-4:45PM ET",btc-updown-15m-1768253400,Down,1768253777.000,1768254061.000,284.000,0.370000,0.380000,1.977742,0.010000,0.019777,1.0000,
0xf3f5323b631c805de3a998e98340a66015380b875ba45d37c9ef7ee988746875,"Bitcoin Up or Down - January 12, 4:30PM-4:45PM ET",btc-updown-15m-1768253400,Down,1768253777.000,1768254061.000,284.000,0.360000,0.380000,3.022258,0.020000,0.060445,2.0000,
0xf3f5323b631c805de3a998e98340a66015380b875ba45d37c9ef7ee988746875,"Bitcoin Up or Down - January 12, 4:30PM-4:45PM ET",btc-updown-15m-1768253400,Down,1768253777.000,1768254063.000,286.000,0.360000,0.380000,1.977742,0.020000,0.039555,2.0000,
0xf3f5323b631c805de3a998e98340a66015380b875ba45d37c9ef7ee988746875,"Bitcoin Up or Down - January 12, 4:30PM-4:45PM ET",btc-updown-15m-1768253400,Down,1768253783.000,1768254063.000,280.000,0.360000,0.380000,0.310000,0.020000,0.006200,2.0000,
0xf3f5323b631c805de3a998e98340a66015380b875ba45d37c9ef7ee988746875,"Bitcoin Up or Down - January 12, 4:30PM-4:45PM ET",btc-updown-15m-1768253400,Down,1768253783.000,1768254063.000,280.000,0.360000,0.380000,2.712258,0.020000,0.054245,2.0000,
0xf3f5323b631c805de3a998e98340a66015380b875ba45d37c9ef7ee988746875,"Bitcoin Up or Down - January 12, 4:30PM-4:45PM ET",btc-updown-15m-1768253400,Down,1768253783.000,1768254065.000,282.000,0.360000,0.370000,1.975242,0.010000,0.019752,1.0000,
0xf3f5323b631c805de3a998e98340a66015380b875ba45d37c9ef7ee988746875,"Bitcoin Up or Down - January 12, 4:30PM-4:45PM ET",btc-updown-15m-1768253400,Down,1768253825.000,1768254065.000,240.000,0.290000,0.370000,3.024758,0.080000,0.241981,8.0000,
0xf3f5323b631c805de3a998e98340a66015380b875ba45d37c9ef7ee988746875,"Bitcoin Up or Down - January 12, 4:30PM-4:45PM ET",btc-updown-15m-1768253400,Down,1768253825.000,1768254143.000,318.000,0.290000,0.280000,5.000000,-0.010000,-0.050000,-1.0000,
0xf3f5323b631c805de3a998e98340a66015380b875ba45d37c9ef7ee988746875,"Bitcoin Up or Down - January 12, 4:30PM-4:45PM ET",btc-updown-15m-1768253400,Down,1768253825.000,1768254143.000,318.000,0.290000,0.290000,5.000000,0.000000,0.000000,0.0000,
0xf3f5323b631c805de3a998e98340a66015380b875ba45d37c9ef7ee988746875,"Bitcoin Up or Down - January 12, 4:30PM-4:45PM ET",btc-updown-15m-1768253400,Down,1768253825.000,1768254143.000,318.000,0.290000,0.300000,4.784542,0.010000,0.047845,1.0000,
0xf3f5323b631c805de3a998e98340a66015380b875ba45d37c9ef7ee988746875,"Bitcoin Up or Down - January 12, 4:30PM-4:45PM ET",btc-updown-15m-1768253400,Up,1768253871.000,1768253909.000,38.000,0.540000,0.640000,5.000000,0.100000,0.500000,10.0000,
0xf3f5323b631c805de3a998e98340a66015380b875ba45d37c9ef7ee988746875,"Bitcoin Up or Down - January 12, 4:30PM-4:45PM ET",btc-updown-15m-1768253400,Up,1768253871.000,1768253985.000,114.000,0.550000,0.640000,5.000000,0.090000,0.450000,9.0000,
0xf3f5323b631c805de3a998e98340a66015380b875ba45d37c9ef7ee988746875,"Bitcoin Up or Down - January 12, 4:30PM-4:45PM ET",btc-updown-15m-1768253400,Down,1768253871.000,1768254143.000,272.000,0.340000,0.300000,0.215458,-0.040000,-0.008618,-4.0000,
0xf3f5323b631c805de3a998e98340a66015380b875ba45d37c9ef7ee988746875,"Bitcoin Up or Down - January 12, 4:30PM-4:45PM ET",btc-updown-15m-1768253400,Down,1768253871.000,1768254143.000,272.000,0.340000,0.310000,4.784542,-0.030000,-0.143536,-3.0000,
0xf3f5323b631c805de3a998e98340a66015380b875ba45d37c9ef7ee988746875,"Bitcoin Up or Down - January 12, 4:30PM-4:45PM ET",btc-updown-15m-1768253400,Down,1768253871.000,1768254143.000,272.000,0.330000,0.310000,0.215458,-0.020000,-0.004309,-2.0000,
0xf3f5323b631c805de3a998e98340a66015380b875ba45d37c9ef7ee988746875,"Bitcoin Up or Down - January 12, 4:30PM-4:45PM ET",btc-updown-15m-1768253400,Down,1768253871.000,1768254143.000,272.000,0.330000,0.320000,3.643048,-0.010000,-0.036430,-1.0000,
0xf3f5323b631c805de3a998e98340a66015380b875ba45d37c9ef7ee988746875,"Bitcoin Up or Down - January 12, 4:30PM-4:45PM ET",btc-updown-15m-1768253400,Down,1768253873.000,1768254143.000,270.000,0.460000,0.320000,1.356952,-0.140000,-0.189973,-14.0000,
0xf3f5323b631c805de3a998e98340a66015380b875ba45d37c9ef7ee988746875,"Bitcoin Up or Down - January 12, 4:30PM-4:45PM ET",btc-updown-15m-1768253400,Down,1768253873.000,1768254143.000,270.000,0.460000,0.330000,5.000000,-0.130000,-0.650000,-13.0000,
0xf3f5323b631c805de3a998e98340a66015380b875ba45d37c9ef7ee988746875,"Bitcoin Up or Down - January 12, 4:30PM-4:45PM ET",btc-updown-15m-1768253400,Down,1768253873.000,1768254165.000,292.000,0.460000,0.090000,5.000000,-0.370000,-1.850000,-37.0000,
0xf3f5323b631c805de3a998e98340a66015380b875ba45d37c9ef7ee988746875,"Bitcoin Up or Down - January 12, 4:30PM-4:45PM ET",btc-updown-15m-1768253400,Down,1768253873.000,1768254165.000,292.000,0.460000,0.100000,5.000000,-0.360000,-1.800000,-36.0000,
0xf3f5323b631c805de3a998e98340a66015380b875ba45d37c9ef7ee988746875,"Bitcoin Up or Down - January 12, 4:30PM-4:45PM ET",btc-updown-15m-1768253400,Down,1768253873.000,1768254165.000,292.000,0.460000,0.110000,1.365448,-0.350000,-0.477907,-35.0000,
0xf3f5323b631c805de3a998e98340a66015380b875ba45d37c9ef7ee988746875,"Bitcoin Up or Down - January 12, 4:30PM-4:45PM ET",btc-updown-15m-1768253400,Down,1768253897.000,1768254165.000,268.000,0.400000,0.110000,2.790000,-0.290000,-0.809100,-29.0000,
0xf3f5323b631c805de3a998e98340a66015380b875ba45d37c9ef7ee988746875,"Bitcoin Up or Down - January 12, 4:30PM-4:45PM ET",btc-updown-15m-1768253400,Down,1768253897.000,1768254165.000,268.000,0.410000,0.110000,5.000000,-0.300000,-1.500000,-30.0000,
0xf3f5323b631c805de3a998e98340a66015380b875ba45d37c9ef7ee988746875,"Bitcoin Up or Down - January 12, 4:30PM-4:45PM ET",btc-updown-15m-1768253400,Down,1768253897.000,1768254165.000,268.000,0.400000,0.110000,2.210000,-0.290000,-0.640900,-29.0000,
0xf3f5323b631c805de3a998e98340a66015380b875ba45d37c9ef7ee988746875,"Bitcoin Up or Down - January 12, 4:30PM-4:45PM ET",btc-updown-15m-1768253400,Down,1768253899.000,1768254165.000,266.000,0.430000,0.110000,5.000000,-0.320000,-1.600000,-32.0000,
0xf3f5323b631c805de3a998e98340a66015380b875ba45d37c9ef7ee988746875,"Bitcoin Up or Down - January 12, 4:30PM-4:45PM ET",btc-updown-15m-1768253400,Down,1768253899.000,1768254165.000,266.000,0.420000,0.110000,1.634552,-0.310000,-0.506711,-31.0000,
0xf3f5323b631c805de3a998e98340a66015380b875ba45d37c9ef7ee988746875,"Bitcoin Up or Down - January 12, 4:30PM-4:45PM ET",btc-updown-15m-1768253400,Down,1768253899.000,1768254213.000,314.000,0.420000,0.440000,3.365448,0.020000,0.067309,2.0000,
0xf3f5323b631c805de3a998e98340a66015380b875ba45d37c9ef7ee988746875,"Bitcoin Up or Down - January 12, 4:30PM-4:45PM ET",btc-updown-15m-1768253400,Down,1768253901.000,1768254213.000,312.000,0.400000,0.440000,1.634552,0.040000,0.065382,4.0000,
0xf3f5323b631c805de3a998e98340a66015380b875ba45d37c9ef7ee988746875,"Bitcoin Up or Down - January 12, 4:30PM-4:45PM ET",btc-updown-15m-1768253400,Down,1768253901.000,1768254215.000,314.000,0.400000,0.430000,3.365448,0.030000,0.100963,3.0000,
0xf3f5323b631c805de3a998e98340a66015380b875ba45d37c9ef7ee988746875,"Bitcoin Up or Down - January 12, 4:30PM-4:45PM ET",btc-updown-15m-1768253400,Down,1768253901.000,1768254215.000,314.000,0.390000,0.430000,1.634552,0.040000,0.065382,4.0000,
0xf3f5323b631c805de3a998e98340a66015380b875ba45d37c9ef7ee988746875,"Bitcoin Up or Down - January 12, 4:30PM-4:45PM ET",btc-updown-15m-1768253400,Down,1768253901.000,1768254215.000,314.000,0.390000,0.450000,3.365448,0.060000,0.201927,6.0000,
0xf3f5323b631c805de3a998e98340a66015380b875ba45d37c9ef7ee988746875,"Bitcoin Up or Down - January 12, 4:30PM-4:45PM ET",btc-updown-15m-1768253400,Down,1768253911.000,1768254215.000,304.000,0.350000,0.450000,1.634552,0.100000,0.163455,10.0000,
0xf3f5323b631c805de3a998e98340a66015380b875ba45d37c9ef7ee988746875,"Bitcoin Up or Down - January 12, 4:30PM-4:45PM ET",btc-updown-15m-1768253400,Down,1768253911.000,1768254215.000,304.000,0.350000,0.460000,3.365448,0.110000,0.370199,11.0000,
0xf3f5323b631c805de3a998e98340a66015380b875ba45d37c9ef7ee988746875,"Bitcoin Up or Down - January 12, 4:30PM-4:45PM ET",btc-updown-15m-1768253400,Down,1768253919.000,1768254215.000,296.000,0.360000,0.460000,1.634552,0.100000,0.163455,10.0000,
0xf3f5323b631c805de3a998e98340a66015380b875ba45d37c9ef7ee988746875,"Bitcoin Up or Down - January 12, 4:30PM-4:45PM ET",btc-updown-15m-1768253400,Down,1768253919.000,1768254215.000,296.000,0.360000,0.370000,5.000000,0.010000,0.050000,1.0000,
0xf3f5323b631c805de3a998e98340a66015380b875ba45d37c9ef7ee988746875,"Bitcoin Up or Down - January 12, 4:30PM-4:45PM ET",btc-updown-15m-1768253400,Down,1768253919.000,1768254215.000,296.000,0.360000,0.380000,5.000000,0.020000,0.100000,2.0000,
0xf3f5323b631c805de3a998e98340a66015380b875ba45d37c9ef7ee988746875,"Bitcoin Up or Down - January 12, 4:30PM-4:45PM ET",btc-updown-15m-1768253400,Down,1768253919.000,1768254215.000,296.000,0.360000,0.470000,5.000000,0.110000,0.550000,11.0000,
0xf3f5323b631c805de3a998e98340a66015380b875ba45d37c9ef7ee988746875,"Bitcoin Up or Down - January 12, 4:30PM-4:45PM ET",btc-updown-15m-1768253400,Down,1768253919.000,1768254221.000,302.000,0.360000,0.630000,1.126648,0.270000,0.304195,27.0000,
0xf3f5323b631c805de3a998e98340a66015380b875ba45d37c9ef7ee988746875,"Bitcoin Up or Down - January 12, 4:30PM-4:45PM ET",btc-updown-15m-1768253400,Down,1768253921.000,1768254221.000,300.000,0.360000,0.630000,16.873352,0.270000,4.555805,27.0000,
0xf3f5323b631c805de3a998e98340a66015380b875ba45d37c9ef7ee988746875,"Bitcoin Up or Down - January 12, 4:30PM-4:45PM ET",btc-updown-15m-1768253400,Down,1768253921.000,1768254223.000,302.000,0.360000,0.640000,0.887848,0.280000,0.248597,28.0000,
0xf3f5323b631c805de3a998e98340a66015380b875ba45d37c9ef7ee988746875,"Bitcoin Up or Down - January 12, 4:30PM-4:45PM ET",btc-updown-15m-1768253400,Up,1768253923.000,1768254025.000,102.000,0.610000,0.700000,5.000000,0.090000,0.450000,9.0000,
0xf3f5323b631c805de3a998e98340a66015380b875ba45d37c9ef7ee988746875,"Bitcoin Up or Down - January 12, 4:30PM-4:45PM ET",btc-updown-15m-1768253400,Up,1768253923.000,1768254041.000,118.000,0.600000,0.720000,0.880000,0.120000,0.105600,12.0000,
0xf3f5323b631c805de3a998e98340a66015380b875ba45d37c9ef7ee988746875,"Bitcoin Up or Down - January 12, 4:30PM-4:45PM ET",btc-updown-15m-1768253400,Up,1768253923.000,1768254113.000,190.000,0.600000,0.730000,4.120000,0.130000,0.535600,13.0000,
0xf3f5323b631c805de3a998e98340a66015380b875ba45d37c9ef7ee988746875,"Bitcoin Up or Down - January 12, 4:30PM-4:45PM ET",btc-updown-15m-1768253400,Up,1768253923.000,1768254113.000,190.000,0.580000,0.730000,0.880000,0.150000,0.132000,15.0000,
0xf3f5323b631c805de3a998e98340a66015380b875ba45d37c9ef7ee988746875,"Bitcoin Up or Down - January 12, 4:30PM-4:45PM ET",btc-updown-15m-1768253400,Up,1768253923.000,1768254125.000,202.000,0.580000,0.800000,5.000000,0.220000,1.100000,22.0000,
0xf3f5323b631c805de3a998e98340a66015380b875ba45d37c9ef7ee988746875,"Bitcoin Up or Down - January 12, 4:30PM-4:45PM ET",btc-updown-15m-1768253400,Up,1768253923.000,1768254125.000,202.000,0.580000,0.790000,11.853000,0.210000,2.489130,21.0000,
0xf3f5323b631c805de3a998e98340a66015380b875ba45d37c9ef7ee988746875,"Bitcoin Up or Down - January 12, 4:30PM-4:45PM ET",btc-updown-15m-1768253400,Up,1768253925.000,1768254125.000,200.000,0.580000,0.790000,5.000000,0.210000,1.050000,21.0000,
0xf3f5323b631c805de3a998e98340a66015380b875ba45d37c9ef7ee988746875,"Bitcoin Up or Down - January 12, 4:30PM-4:45PM ET",btc-updown-15m-1768253400,Down,1768253939.000,1768254223.000,284.000,0.370000,0.640000,4.112152,0.270000,1.110281,27.0000,
0xf3f5323b631c805de3a998e98340a66015380b875ba45d37c9ef7ee988746875,"Bitcoin Up or Down - January 12, 4:30PM-4:45PM ET",btc-updown-15m-1768253400,Down,1768253939.000,1768254245.000,306.000,0.370000,0.960000,5.000000,0.590000,2.950000,59.0000,
0xf3f5323b631c805de3a998e98340a66015380b875ba45d37c9ef7ee988746875,"Bitcoin Up or Down - January 12, 4:30PM-4:45PM ET",btc-updown-15m-1768253400,Down,1768253939.000,1768254245.000,306.000,0.370000,0.940000,5.000000,0.570000,2.850000,57.0000,
0xf3f5323b631c805de3a998e98340a66015380b875ba45d37c9ef7ee988746875,"Bitcoin Up or Down - January 12, 4:30PM-4:45PM ET",btc-updown-15m-1768253400,Down,1768253939.000,1768254245.000,306.000,0.370000,0.950000,3.643348,0.580000,2.113142,58.0000,
0xf3f5323b631c805de3a998e98340a66015380b875ba45d37c9ef7ee988746875,"Bitcoin Up or Down - January 12, 4:30PM-4:45PM ET",btc-updown-15m-1768253400,Down,1768253941.000,1768254245.000,304.000,0.370000,0.950000,1.356652,0.580000,0.786858,58.0000,
0xf3f5323b631c805de3a998e98340a66015380b875ba45d37c9ef7ee988746875,"Bitcoin Up or Down - January 12, 4:30PM-4:45PM ET",btc-updown-15m-1768253400,Down,1768253941.000,1768254247.000,306.000,0.370000,0.960000,3.643348,0.590000,2.149575,59.0000,
0xf3f5323b631c805de3a998e98340a66015380b875ba45d37c9ef7ee988746875,"Bitcoin Up or Down - January 12, 4:30PM-4:45PM ET",btc-updown-15m-1768253400,Down,1768253953.000,1768254247.000,294.000,0.350000,0.960000,5.000000,0.610000,3.050000,61.0000,
0xf3f5323b631c805de3a998e98340a66015380b875ba45d37c9ef7ee988746875,"Bitcoin Up or Down - January 12, 4:30PM-4:45PM ET",btc-updown-15m-1768253400,Down,1768253973.000,1768254247.000,274.000,0.350000,0.960000,4.135382,0.610000,2.522583,61.0000,
0xf3f5323b631c805de3a998e98340a66015380b875ba45d37c9ef7ee988746875,"Bitcoin Up or Down - January 12, 4:30PM-4:45PM ET",btc-updown-15m-1768253400,Down,1768253975.000,1768254247.000,272.000,0.350000,0.960000,0.860000,0.610000,0.524600,61.0000,
0xf3f5323b631c805de3a998e98340a66015380b875ba45d37c9ef7ee988746875,"Bitcoin Up or Down - January 12, 4:30PM-4:45PM ET",btc-updown-15m-1768253400,Down,1768254013.000,1768254247.000,234.000,0.330000,0.960000,4.361270,0.630000,2.747600,63.0000,
0xf3f5323b631c805de3a998e98340a66015380b875ba45d37c9ef7ee988746875,"Bitcoin Up or Down - January 12, 4:30PM-4:45PM ET",btc-updown-15m-1768253400,Down,1768254013.000,1768254247.000,234.000,0.330000,0.970000,0.638730,0.640000,0.408787,64.0000,
0xf3f5323b631c805de3a998e98340a66015380b875ba45d37c9ef7ee988746875,"Bitcoin Up or Down - January 12, 4:30PM-4:45PM ET",btc-updown-15m-1768253400,Down,1768254027.000,1768254247.000,220.000,0.280000,0.970000,4.361270,0.690000,3.009276,69.0000,
0xf3f5323b631c805de3a998e98340a66015380b875ba45d37c9ef7ee988746875,"Bitcoin Up or Down - January 12, 4:30PM-4:45PM ET",btc-updown-15m-1768253400,Down,1768254027.000,1768254247.000,220.000,0.280000,0.930000,0.638730,0.650000,0.415174,65.0000,
0xf3f5323b631c805de3a998e98340a66015380b875ba45d37c9ef7ee988746875,"Bitcoin Up or Down - January 12, 4:30PM-4:45PM ET",btc-updown-15m-1768253400,Down,1768254027.000,1768254247.000,220.000,0.290000,0.930000,4.361270,0.640000,2.791213,64.0000,
0xf3f5323b631c805de3a998e98340a66015380b875ba45d37c9ef7ee988746875,"Bitcoin Up or Down - January 12, 4:30PM-4:45PM ET",btc-updown-15m-1768253400,Down,1768254027.000,1768254247.000,220.000,0.290000,0.940000,0.638730,0.650000,0.415174,65.0000,
0xf3f5323b631c805de3a998e98340a66015380b875ba45d37c9ef7ee988746875,"Bitcoin Up or Down - January 12, 4:30PM-4:45PM ET",btc-updown-15m-1768253400,Up,1768254029.000,1768254125.000,96.000,0.720000,0.790000,1.147000,0.070000,0.080290,7.0000,
0xf3f5323b631c805de3a998e98340a66015380b875ba45d37c9ef7ee988746875,"Bitcoin Up or Down - January 12, 4:30PM-4:45PM ET",btc-updown-15m-1768253400,Up,1768254029.000,1768254129.000,100.000,0.720000,0.780000,0.762050,0.060000,0.045723,6.0000,
0xf3f5323b631c805de3a998e98340a66015380b875ba45d37c9ef7ee988746875,"Bitcoin Up or Down - January 12, 4:30PM-4:45PM ET",btc-updown-15m-1768253400,Up,1768254029.000,1768254129.000,100.000,0.720000,0.780000,4.230000,0.060000,0.253800,6.0000,
0xf3f5323b631c805de3a998e98340a66015380b875ba45d37c9ef7ee988746875,"Bitcoin Up or Down - January 12, 4:30PM-4:45PM ET",btc-updown-15m-1768253400,Up,1768254029.000,1768254131.000,102.000,0.720000,0.800000,5.000000,0.080000,0.400000,8.0000,
0xf3f5323b631c805de3a998e98340a66015380b875ba45d37c9ef7ee988746875,"Bitcoin Up or Down - January 12, 4:30PM-4:45PM ET",btc-updown-15m-1768253400,Up,1768254029.000,1768254137.000,108.000,0.720000,0.850000,5.000000,0.130000,0.650000,13.0000,
0xf3f5323b631c805de3a998e98340a66015380b875ba45d37c9ef7ee988746875,"Bitcoin Up or Down - January 12, 4:30PM-4:45PM ET",btc-updown-15m-1768253400,Up,1768254029.000,1768254151.000,122.000,0.720000,0.890000,5.000000,0.170000,0.850000,17.0000,
0xf3f5323b631c805de3a998e98340a66015380b875ba45d37c9ef7ee988746875,"Bitcoin Up or Down - January 12, 4:30PM-4:45PM ET",btc-updown-15m-1768253400,Up,1768254029.000,1768254179.000,150.000,0.720000,0.840000,1.190475,0.120000,0.142857,12.0000,
0xf3f5323b631c805de3a998e98340a66015380b875ba45d37c9ef7ee988746875,"Bitcoin Up or Down - January 12, 4:30PM-4:45PM ET",btc-updown-15m-1768253400,Up,1768254029.000,1768254179.000,150.000,0.720000,0.840000,2.400000,0.120000,0.288000,12.0000,
0xf3f5323b631c805de3a998e98340a66015380b875ba45d37c9ef7ee988746875,"Bitcoin Up or Down - January 12, 4:30PM-4:45PM ET",btc-updown-15m-1768253400,Up,1768254029.000,1768254179.000,150.000,0.720000,0.840000,1.400000,0.120000,0.168000,12.0000,
0xf3f5323b631c805de3a998e98340a66015380b875ba45d37c9ef7ee988746875,"Bitcoin Up or Down - January 12, 4:30PM-4:45PM ET",btc-updown-15m-1768253400,Up,1768254029.000,1768254185.000,156.000,0.720000,0.850000,5.000000,0.130000,0.650000,13.0000,
0xf3f5323b631c805de3a998e98340a66015380b875ba45d37c9ef7ee988746875,"Bitcoin Up or Down - January 12, 4:30PM-4:45PM ET",btc-updown-15m-1768253400,Up,1768254029.000,1768254193.000,164.000,0.720000,0.860000,0.985317,0.140000,0.137944,14.0000,
0xf3f5323b631c805de3a998e98340a66015380b875ba45d37c9ef7ee988746875,"Bitcoin Up or Down - January 12, 4:30PM-4:45PM ET",btc-updown-15m-1768253400,Down,1768254081.000,1768254247.000,166.000,0.310000,0.940000,4.361270,0.630000,2.747600,63.0000,
0xf3f5323b631c805de3a998e98340a66015380b875ba45d37c9ef7ee988746875,"Bitcoin Up or Down - January 12, 4:30PM-4:45PM ET",btc-updown-15m-1768253400,Down,1768254081.000,1768254247.000,166.000,0.310000,0.950000,5.000000,0.640000,3.200000,64.0000,
0xf3f5323b631c805de3a998e98340a66015380b875ba45d37c9ef7ee988746875,"Bitcoin Up or Down - January 12, 4:30PM-4:45PM ET",btc-updown-15m-1768253400,Down,1768254081.000,1768254247.000,166.000,0.310000,0.960000,5.000000,0.650000,3.250000,65.0000,
0xf3f5323b631c805de3a998e98340a66015380b875ba45d37c9ef7ee988746875,"Bitcoin Up or Down - January 12, 4:30PM-4:45PM ET",btc-updown-15m-1768253400,Down,1768254081.000,1768254251.000,170.000,0.310000,0.970000,3.432930,0.660000,2.265734,66.0000,
0xf3f5323b631c805de3a998e98340a66015380b875ba45d37c9ef7ee988746875,"Bitcoin Up or Down - January 12, 4:30PM-4:45PM ET",btc-updown-15m-1768253400,Down,1768254097.000,1768254251.000,154.000,0.290000,0.970000,1.567070,0.680000,1.065608,68.0000,
0xf3f5323b631c805de3a998e98340a66015380b875ba45d37c9ef7ee988746875,"Bitcoin Up or Down - January 12, 4:30PM-4:45PM ET",btc-updown-15m-1768253400,Down,1768254097.000,1768254263.000,166.000,0.290000,0.980000,3.432930,0.690000,2.368722,69.0000,
0xf3f5323b631c805de3a998e98340a66015380b875ba45d37c9ef7ee988746875,"Bitcoin Up or Down - January 12, 4:30PM-4:45PM ET",btc-updown-15m-1768253400,Up,1768254123.000,1768254193.000,70.000,0.780000,0.860000,4.014683,0.080000,0.321175,8.0000,
0xf3f5323b631c805de3a998e98340a66015380b875ba45d37c9ef7ee988746875,"Bitcoin Up or Down - January 12, 4:30PM-4:45PM ET",btc-updown-15m-1768253400,Up,1768254123.000,1768254193.000,70.000,0.780000,0.870000,5.000000,0.090000,0.450000,9.0000,
0xf3f5323b631c805de3a998e98340a66015380b875ba45d37c9ef7ee988746875,"Bitcoin Up or Down - January 12, 4:30PM-4:45PM ET",btc-updown-15m-1768253400,Up,1768254123.000,1768254193.000,70.000,0.780000,0.880000,5.000000,0.100000,0.500000,10.0000,
0xf3f5323b631c805de3a998e98340a66015380b875ba45d37c9ef7ee988746875,"Bitcoin Up or Down - January 12, 4:30PM-4:45PM ET",btc-updown-15m-1768253400,Up,1768254123.000,1768254193.000,70.000,0.780000,0.890000,5.000000,0.110000,0.550000,11.0000,
0xf3f5323b631c805de3a998e98340a66015380b875ba45d37c9ef7ee988746875,"Bitcoin Up or Down - January 12, 4:30PM-4:45PM ET",btc-updown-15m-1768253400,Up,1768254123.000,1768254233.000,110.000,0.780000,0.310000,27.817503,-0.470000,-13.074226,-47.0000,
0xf3f5323b631c805de3a998e98340a66015380b875ba45d37c9ef7ee988746875,"Bitcoin Up or Down - January 12, 4:30PM-4:45PM ET",btc-updown-15m-1768253400,Down,1768254123.000,1768254263.000,140.000,0.230000,0.980000,1.567070,0.750000,1.175303,75.0000,
0xf3f5323b631c805de3a998e98340a66015380b875ba45d37c9ef7ee988746875,"Bitcoin Up or Down - January 12, 4:30PM-4:45PM ET",btc-updown-15m-1768253400,Up,1768254143.000,1768254233.000,90.000,0.780000,0.310000,2.512497,-0.470000,-1.180874,-47.0000,
0xf3f5323b631c805de3a998e98340a66015380b875ba45d37c9ef7ee988746875,"Bitcoin Up or Down - January 12, 4:30PM-4:45PM ET",btc-updown-15m-1768253400,Up,1768254143.000,1768254233.000,90.000,0.780000,0.290000,2.487503,-0.490000,-1.218876,-49.0000,
0xf3f5323b631c805de3a998e98340a66015380b875ba45d37c9ef7ee988746875,"Bitcoin Up or Down - January 12, 4:30PM-4:45PM ET",btc-updown-15m-1768253400,Up,1768254143.000,1768254233.000,90.000,0.770000,0.290000,2.512497,-0.480000,-1.205999,-48.0000,
0xf3f5323b631c805de3a998e98340a66015380b875ba45d37c9ef7ee988746875,"Bitcoin Up or Down - January 12, 4:30PM-4:45PM ET",btc-updown-15m-1768253400,Up,1768254143.000,1768254235.000,92.000,0.770000,0.280000,2.487503,-0.490000,-1.218876,-49.0000,
0xf3f5323b631c805de3a998e98340a66015380b875ba45d37c9ef7ee988746875,"Bitcoin Up or Down - January 12, 4:30PM-4:45PM ET",btc-updown-15m-1768253400,Up,1768254143.000,1768254235.000,92.000,0.760000,0.280000,5.000000,-0.480000,-2.400000,-48.0000,
0xf3f5323b631c805de3a998e98340a66015380b875ba45d37c9ef7ee988746875,"Bitcoin Up or Down - January 12, 4:30PM-4:45PM ET",btc-updown-15m-1768253400,Up,1768254143.000,1768254235.000,92.000,0.750000,0.280000,5.000000,-0.470000,-2.350000,-47.0000,
0xf3f5323b631c805de3a998e98340a66015380b875ba45d37c9ef7ee988746875,"Bitcoin Up or Down - January 12, 4:30PM-4:45PM ET",btc-updown-15m-1768253400,Up,1768254143.000,1768254235.000,92.000,0.740000,0.280000,5.000000,-0.460000,-2.300000,-46.0000,
0xf3f5323b631c805de3a998e98340a66015380b875ba45d37c9ef7ee988746875,"Bitcoin Up or Down - January 12, 4:30PM-4:45PM ET",btc-updown-15m-1768253400,Up,1768254143.000,1768254235.000,92.000,0.730000,0.280000,0.512497,-0.450000,-0.230624,-45.0000,
0xf3f5323b631c805de3a998e98340a66015380b875ba45d37c9ef7ee988746875,"Bitcoin Up or Down - January 12, 4:30PM-4:45PM ET",btc-updown-15m-1768253400,Up,1768254143.000,1768254235.000,92.000,0.730000,0.280000,4.487503,-0.450000,-2.019376,-45.0000,
0xf3f5323b631c805de3a998e98340a66015380b875ba45d37c9ef7ee988746875,"Bitcoin Up or Down - January 12, 4:30PM-4:45PM ET",btc-updown-15m-1768253400,Up,1768254143.000,1768254235.000,92.000,0.660000,0.280000,0.512497,-0.380000,-0.194749,-38.0000,
0xf3f5323b631c805de3a998e98340a66015380b875ba45d37c9ef7ee988746875,"Bitcoin Up or Down - January 12, 4:30PM-4:45PM ET",btc-updown-15m-1768253400,Up,1768254143.000,1768254235.000,92.000,0.660000,0.280000,4.487503,-0.380000,-1.705251,-38.0000,
0xf3f5323b631c805de3a998e98340a66015380b875ba45d37c9ef7ee988746875,"Bitcoin Up or Down - January 12, 4:30PM-4:45PM ET",btc-updown-15m-1768253400,Up,1768254145.000,1768254235.000,90.000,0.860000,0.280000,5.000000,-0.580000,-2.900000,-58.0000,
0xf3f5323b631c805de3a998e98340a66015380b875ba45d37c9ef7ee988746875,"Bitcoin Up or Down - January 12, 4:30PM-4:45PM ET",btc-updown-15m-1768253400,Up,1768254145.000,1768254235.000,90.000,0.850000,0.280000,5.000000,-0.570000,-2.850000,-57.0000,
0xf3f5323b631c805de3a998e98340a66015380b875ba45d37c9ef7ee988746875,"Bitcoin Up or Down - January 12, 4:30PM-4:45PM ET",btc-updown-15m-1768253400,Up,1768254145.000,1768254235.000,90.000,0.840000,0.280000,5.000000,-0.560000,-2.800000,-56.0000,
0xf3f5323b631c805de3a998e98340a66015380b875ba45d37c9ef7ee988746875,"Bitcoin Up or Down - January 12, 4:30PM-4:45PM ET",btc-updown-15m-1768253400,Up,1768254145.000,1768254235.000,90.000,0.830000,0.280000,5.000000,-0.550000,-2.750000,-55.0000,
0xf3f5323b631c805de3a998e98340a66015380b875ba45d37c9ef7ee988746875,"Bitcoin Up or Down - January 12, 4:30PM-4:45PM ET",btc-updown-15m-1768253400,Up,1768254145.000,1768254235.000,90.000,0.820000,0.280000,5.000000,-0.540000,-2.700000,-54.0000,
0xf3f5323b631c805de3a998e98340a66015380b875ba45d37c9ef7ee988746875,"Bitcoin Up or Down - January 12, 4:30PM-4:45PM ET",btc-updown-15m-1768253400,Up,1768254145.000,1768254235.000,90.000,0.810000,0.280000,5.000000,-0.530000,-2.650000,-53.0000,
0xf3f5323b631c805de3a998e98340a66015380b875ba45d37c9ef7ee988746875,"Bitcoin Up or Down - January 12, 4:30PM-4:45PM ET",btc-updown-15m-1768253400,Up,1768254145.000,1768254235.000,90.000,0.800000,0.280000,5.000000,-0.520000,-2.600000,-52.0000,
0xf3f5323b631c805de3a998e98340a66015380b875ba45d37c9ef7ee988746875,"Bitcoin Up or Down - January 12, 4:30PM-4:45PM ET",btc-updown-15m-1768253400,Up,1768254145.000,1768254235.000,90.000,0.790000,0.280000,5.000000,-0.510000,-2.550000,-51.0000,
0xf3f5323b631c805de3a998e98340a66015380b875ba45d37c9ef7ee988746875,"Bitcoin Up or Down - January 12, 4:30PM-4:45PM ET",btc-updown-15m-1768253400,Up,1768254153.000,1768254235.000,82.000,0.870000,0.280000,5.000000,-0.590000,-2.950000,-59.0000,
0xf3f5323b631c805de3a998e98340a66015380b875ba45d37c9ef7ee988746875,"Bitcoin Up or Down - January 12, 4:30PM-4:45PM ET",btc-updown-15m-1768253400,Up,1768254153.000,1768254235.000,82.000,0.860000,0.280000,5.000000,-0.580000,-2.900000,-58.0000,
0xf3f5323b631c805de3a998e98340a66015380b875ba45d37c9ef7ee988746875,"Bitcoin Up or Down - January 12, 4:30PM-4:45PM ET",btc-updown-15m-1768253400,Up,1768254155.000,1768254235.000,80.000,0.900000,0.280000,17.512497,-0.620000,-10.857748,-62.0000,
0xf3f5323b631c805de3a998e98340a66015380b875ba45d37c9ef7ee988746875,"Bitcoin Up or Down - January 12, 4:30PM-4:45PM ET",btc-updown-15m-1768253400,Up,1768254155.000,1768254237.000,82.000,0.900000,0.110000,0.451103,-0.790000,-0.356371,-79.0000,
0xf3f5323b631c805de3a998e98340a66015380b875ba45d37c9ef7ee988746875,"Bitcoin Up or Down - January 12, 4:30PM-4:45PM ET",btc-updown-15m-1768253400,Up,1768254165.000,1768254237.000,72.000,0.890000,0.110000,21.548897,-0.780000,-16.808140,-78.0000,
0xf3f5323b631c805de3a998e98340a66015380b875ba45d37c9ef7ee988746875,"Bitcoin Up or Down - January 12, 4:30PM-4:45PM ET",btc-updown-15m-1768253400,Up,1768254165.000,1768254237.000,72.000,0.890000,0.110000,3.671493,-0.780000,-2.863765,-78.0000,
0xf3f5323b631c805de3a998e98340a66015380b875ba45d37c9ef7ee988746875,"Bitcoin Up or Down - January 12, 4:30PM-4:45PM ET",btc-updown-15m-1768253400,Up,1768254165.000,1768254237.000,72.000,0.890000,0.110000,5.000000,-0.780000,-3.900000,-78.0000,
0xf3f5323b631c805de3a998e98340a66015380b875ba45d37c9ef7ee988746875,"Bitcoin Up or Down - January 12, 4:30PM-4:45PM ET",btc-updown-15m-1768253400,Up,1768254173.000,1768254237.000,64.000,0.860000,0.110000,5.000000,-0.750000,-3.750000,-75.0000,
0xf3f5323b631c805de3a998e98340a66015380b875ba45d37c9ef7ee988746875,"Bitcoin Up or Down - January 12, 4:30PM-4:45PM ET",btc-updown-15m-1768253400,Up,1768254173.000,1768254237.000,64.000,0.920576,0.110000,25.222200,-0.810576,-20.444522,-81.0576,
0xf3f5323b631c805de3a998e98340a66015380b875ba45d37c9ef7ee988746875,"Bitcoin Up or Down - January 12, 4:30PM-4:45PM ET",btc-updown-15m-1768253400,Up,1768254175.000,1768254237.000,62.000,0.910000,0.110000,5.000000,-0.800000,-4.000000,-80.0000,
0xf3f5323b631c805de3a998e98340a66015380b875ba45d37c9ef7ee988746875,"Bitcoin Up or Down - January 12, 4:30PM-4:45PM ET",btc-updown-15m-1768253400,Up,1768254175.000,1768254237.000,62.000,0.900000,0.110000,5.000000,-0.790000,-3.950000,-79.0000,
0xf3f5323b631c805de3a998e98340a66015380b875ba45d37c9ef7ee988746875,"Bitcoin Up or Down - January 12, 4:30PM-4:45PM ET",btc-updown-15m-1768253400,Up,1768254175.000,1768254237.000,62.000,0.890000,0.110000,4.430000,-0.780000,-3.455400,-78.0000,
0xf3f5323b631c805de3a998e98340a66015380b875ba45d37c9ef7ee988746875,"Bitcoin Up or Down - January 12, 4:30PM-4:45PM ET",btc-updown-15m-1768253400,Up,1768254175.000,1768254237.000,62.000,0.802043,0.110000,14.676307,-0.692043,-10.156638,-69.2043,
0xf3f5323b631c805de3a998e98340a66015380b875ba45d37c9ef7ee988746875,"Bitcoin Up or Down - January 12, 4:30PM-4:45PM ET",btc-updown-15m-1768253400,Up,1768254175.000,1768254239.000,64.000,0.802043,0.100000,4.056743,-0.702043,-2.848009,-70.2043,
0xf3f5323b631c805de3a998e98340a66015380b875ba45d37c9ef7ee988746875,"Bitcoin Up or Down - January 12, 4:30PM-4:45PM ET",btc-updown-15m-1768253400,Up,1768254175.000,1768254239.000,64.000,0.790000,0.100000,5.000000,-0.690000,-3.450000,-69.0000,
0xf3f5323b631c805de3a998e98340a66015380b875ba45d37c9ef7ee988746875,"Bitcoin Up or Down - January 12, 4:30PM-4:45PM ET",btc-updown-15m-1768253400,Up,1768254175.000,1768254239.000,64.000,0.890000,0.100000,0.570000,-0.790000,-0.450300,-79.0000,
0xf3f5323b631c805de3a998e98340a66015380b875ba45d37c9ef7ee988746875,"Bitcoin Up or Down - January 12, 4:30PM-4:45PM ET",btc-updown-15m-1768253400,Up,1768254175.000,1768254239.000,64.000,0.830000,0.100000,5.000000,-0.730000,-3.650000,-73.0000,
0xf3f5323b631c805de3a998e98340a66015380b875ba45d37c9ef7ee988746875,"Bitcoin Up or Down - January 12, 4:30PM-4:45PM ET",btc-updown-15m-1768253400,Up,1768254177.000,1768254239.000,62.000,0.800000,0.100000,5.000000,-0.700000,-3.500000,-70.0000,
0xf3f5323b631c805de3a998e98340a66015380b875ba45d37c9ef7ee988746875,"Bitcoin Up or Down - January 12, 4:30PM-4:45PM ET",btc-updown-15m-1768253400,Up,1768254177.000,1768254239.000,62.000,0.800000,0.100000,2.373257,-0.700000,-1.661280,-70.0000,
0xf3f5323b631c805de3a998e98340a66015380b875ba45d37c9ef7ee988746875,"Bitcoin Up or Down - January 12, 4:30PM-4:45PM ET",btc-updown-15m-1768253400,Up,1768254177.000,1768254241.000,64.000,0.800000,0.100000,15.958743,-0.700000,-11.171120,-70.0000,
0xf3f5323b631c805de3a998e98340a66015380b875ba45d37c9ef7ee988746875,"Bitcoin Up or Down - January 12, 4:30PM-4:45PM ET",btc-updown-15m-1768253400,Up,1768254177.000,1768254241.000,64.000,0.820000,0.100000,2.041257,-0.720000,-1.469705,-72.0000,
0xf3f5323b631c805de3a998e98340a66015380b875ba45d37c9ef7ee988746875,"Bitcoin Up or Down - January 12, 4:30PM-4:45PM ET",btc-updown-15m-1768253400,Up,1768254177.000,1768254241.000,64.000,0.820000,0.100000,2.958743,-0.720000,-2.130295,-72.0000,
0xf3f5323b631c805de3a998e98340a66015380b875ba45d37c9ef7ee988746875,"Bitcoin Up or Down - January 12, 4:30PM-4:45PM ET",btc-updown-15m-1768253400,Up,1768254177.000,1768254241.000,64.000,0.810000,0.100000,5.000000,-0.710000,-3.550000,-71.0000,
0xf3f5323b631c805de3a998e98340a66015380b875ba45d37c9ef7ee988746875,"Bitcoin Up or Down - January 12, 4:30PM-4:45PM ET",btc-updown-15m-1768253400,Up,1768254177.000,1768254241.000,64.000,0.850000,0.100000,5.000000,-0.750000,-3.750000,-75.0000,
0xf3f5323b631c805de3a998e98340a66015380b875ba45d37c9ef7ee988746875,"Bitcoin Up or Down - January 12, 4:30PM-4:45PM ET",btc-updown-15m-1768253400,Up,1768254177.000,1768254241.000,64.000,0.840000,0.100000,5.000000,-0.740000,-3.700000,-74.0000,
0xf3f5323b631c805de3a998e98340a66015380b875ba45d37c9ef7ee988746875,"Bitcoin Up or Down - January 12, 4:30PM-4:45PM ET",btc-updown-15m-1768253400,Up,1768254177.000,1768254241.000,64.000,0.880000,0.100000,5.000000,-0.780000,-3.900000,-78.0000,
0xf3f5323b631c805de3a998e98340a66015380b875ba45d37c9ef7ee988746875,"Bitcoin Up or Down - January 12, 4:30PM-4:45PM ET",btc-updown-15m-1768253400,Up,1768254177.000,1768254241.000,64.000,0.870000,0.100000,5.000000,-0.770000,-3.850000,-77.0000,
0xf3f5323b631c805de3a998e98340a66015380b875ba45d37c9ef7ee988746875,"Bitcoin Up or Down - January 12, 4:30PM-4:45PM ET",btc-updown-15m-1768253400,Up,1768254187.000,1768254241.000,54.000,0.840000,0.100000,4.041257,-0.740000,-2.990530,-74.0000,
0xf3f5323b631c805de3a998e98340a66015380b875ba45d37c9ef7ee988746875,"Bitcoin Up or Down - January 12, 4:30PM-4:45PM ET",btc-updown-15m-1768253400,Up,1768254187.000,1768254241.000,54.000,0.840000,0.100000,21.142161,-0.740000,-15.645199,-74.0000,
0xf3f5323b631c805de3a998e98340a66015380b875ba45d37c9ef7ee988746875,"Bitcoin Up or Down - January 12, 4:30PM-4:45PM ET",btc-updown-15m-1768253400,Up,1768254187.000,1768254241.000,54.000,0.830000,0.100000,5.000000,-0.730000,-3.650000,-73.0000,
0xf3f5323b631c805de3a998e98340a66015380b875ba45d37c9ef7ee988746875,"Bitcoin Up or Down - January 12, 4:30PM-4:45PM ET",btc-updown-15m-1768253400,Up,1768254187.000,1768254241.000,54.000,0.820000,0.100000,5.000000,-0.720000,-3.600000,-72.0000,
0xf3f5323b631c805de3a998e98340a66015380b875ba45d37c9ef7ee988746875,"Bitcoin Up or Down - January 12, 4:30PM-4:45PM ET",btc-updown-15m-1768253400,Up,1768254189.000,1768254241.000,52.000,0.750000,0.100000,5.000000,-0.650000,-3.250000,-65.0000,
0xf3f5323b631c805de3a998e98340a66015380b875ba45d37c9ef7ee988746875,"Bitcoin Up or Down - January 12, 4:30PM-4:45PM ET",btc-updown-15m-1768253400,Up,1768254189.000,1768254241.000,52.000,0.779478,0.100000,19.025163,-0.679478,-12.927185,-67.9478,
0xf3f5323b631c805de3a998e98340a66015380b875ba45d37c9ef7ee988746875,"Bitcoin Up or Down - January 12, 4:30PM-4:45PM ET",btc-updown-15m-1768253400,Up,1768254189.000,1768254241.000,52.000,0.810000,0.100000,5.000000,-0.710000,-3.550000,-71.0000,
0xf3f5323b631c805de3a998e98340a66015380b875ba45d37c9ef7ee988746875,"Bitcoin Up or Down - January 12, 4:30PM-4:45PM ET",btc-updown-15m-1768253400,Up,1768254191.000,1768254241.000,50.000,0.660000,0.100000,5.000000,-0.560000,-2.800000,-56.0000,
0xf3f5323b631c805de3a998e98340a66015380b875ba45d37c9ef7ee988746875,"Bitcoin Up or Down - January 12, 4:30PM-4:45PM ET",btc-updown-15m-1768253400,Up,1768254191.000,1768254241.000,50.000,0.740000,0.100000,2.832676,-0.640000,-1.812913,-64.0000,
0xf3f5323b631c805de3a998e98340a66015380b875ba45d37c9ef7ee988746875,"Bitcoin Up or Down - January 12, 4:30PM-4:45PM ET",btc-updown-15m-1768253400,Up,1768254191.000,1768254245.000,54.000,0.740000,0.110000,2.167324,-0.630000,-1.365414,-63.0000,
0xf3f5323b631c805de3a998e98340a66015380b875ba45d37c9ef7ee988746875,"Bitcoin Up or Down - January 12, 4:30PM-4:45PM ET",btc-updown-15m-1768253400,Up,1768254191.000,1768254245.000,54.000,0.730000,0.110000,2.832676,-0.620000,-1.756259,-62.0000,
0x54a36dc26d17b5616b429440c761c9b93fd651d84681c36359769e5fb36d0ecf,"Bitcoin Up or Down - January 12, 4:45PM-5:00PM ET",btc-updown-15m-1768254300,Down,1768254559.000,1768254689.000,130.000,0.830000,0.960000,5.000000,0.130000,0.650000,13.0000,
0x54a36dc26d17b5616b429440c761c9b93fd651d84681c36359769e5fb36d0ecf,"Bitcoin Up or Down - January 12, 4:45PM-5:00PM ET",btc-updown-15m-1768254300,Down,1768254559.000,1768254725.000,166.000,0.830000,0.960000,3.030000,0.130000,0.393900,13.0000,
0x54a36dc26d17b5616b429440c761c9b93fd651d84681c36359769e5fb36d0ecf,"Bitcoin Up or Down - January 12, 4:45PM-5:00PM ET",btc-updown-15m-1768254300,Down,1768254559.000,1768254725.000,166.000,0.830000,0.960000,1.970000,0.130000,0.256100,13.0000,
0x54a36dc26d17b5616b429440c761c9b93fd651d84681c36359769e5fb36d0ecf,"Bitcoin Up or Down - January 12, 4:45PM-5:00PM ET",btc-updown-15m-1768254300,Down,1768254559.000,1768254735.000,176.000,0.830000,0.970000,5.000000,0.140000,0.700000,14.0000,
0x54a36dc26d17b5616b429440c761c9b93fd651d84681c36359769e5fb36d0ecf,"Bitcoin Up or Down - January 12, 4:45PM-5:00PM ET",btc-updown-15m-1768254300,Down,1768254559.000,1768254761.000,202.000,0.830000,0.970000,5.000000,0.140000,0.700000,14.0000,
0x54a36dc26d17b5616b429440c761c9b93fd651d84681c36359769e5fb36d0ecf,"Bitcoin Up or Down - January 12, 4:45PM-5:00PM ET",btc-updown-15m-1768254300,Down,1768254559.000,1768254857.000,298.000,0.830000,0.980000,5.000000,0.150000,0.750000,15.0000,
0x54a36dc26d17b5616b429440c761c9b93fd651d84681c36359769e5fb36d0ecf,"Bitcoin Up or Down - January 12, 4:45PM-5:00PM ET",btc-updown-15m-1768254300,Down,1768254559.000,1768254915.000,356.000,0.830000,0.990000,7.224441,0.160000,1.155911,16.0000,
0x54a36dc26d17b5616b429440c761c9b93fd651d84681c36359769e5fb36d0ecf,"Bitcoin Up or Down - January 12, 4:45PM-5:00PM ET",btc-updown-15m-1768254300,Down,1768254561.000,1768254915.000,354.000,0.830000,0.990000,10.775559,0.160000,1.724089,16.0000,
